timestamp,x_position,y_position
1751880078365269899,125.50278476986568,-79.88022030796856
1751880078465034008,125.50534061715007,-79.83759487839416
1751880078565181732,125.50753788265865,-79.80088986456394
1751880078764997005,125.51010898919776,-79.75779904518276
1751880078865036725,125.51271824038122,-79.71440304256976
1751880078964858531,125.51495365385199,-79.67695797653869
1751880079165271997,125.5176239432185,-79.63284481596202
1751880079265153646,125.52032474800944,-79.58790005464107
1751880079365063667,125.52188877452863,-79.56173886265606
1751880079465157747,125.52468113112263,-79.51517666690052
1751880079665164470,125.52752689726185,-79.46762264939025
1751880079765027761,125.5304260669509,-79.41915310593322
1751880079865289449,125.53209690359654,-79.3910616748035
1751880079964856386,125.53507999674184,-79.34121884452179
1751880080065024137,125.53723911585985,-79.30512417526916
1751880080265084981,125.54029850370716,-79.25391568103805
1751880080465051412,125.54572300135624,-79.16527737723663
1751880080564995050,125.54753116867505,-79.13640011753887
1751880080665070533,125.55059055495076,-79.08807553024963
1751880080865236282,125.55349735618802,-79.0422152406536
1751880080965151548,125.55624393816106,-78.9987124344334
1751880081065007925,125.5577621877892,-78.97486294806004
1751880081165209531,125.55958561203443,-78.94606961123645
1751880081265157461,125.56211094226455,-78.90730465715751
1751880081365187883,125.56393436680082,-78.88016690220684
1751880081565177440,125.56643680849811,-78.84183682361618
1751880081665285348,125.56893924932228,-78.8026827708818
1751880081765143394,125.57114414410898,-78.76831997744739
1751880081965156793,125.57376865687547,-78.72735775867477
1751880082064955949,125.57606510311598,-78.69149960391223
1751880082165128469,125.57879642641637,-78.6488589188084
1751880082365196466,125.5815735278884,-78.60535610793158
1751880082464863300,125.58441166131524,-78.5610522176139
1751880082565116405,125.58689884399064,-78.52246273960918
1751880082765130758,125.58982090302743,-78.47674740571529
1751880082865159273,125.59281925554387,-78.43031491152942
1751880082965128421,125.59551242995076,-78.39061154285446
1751880083165218830,125.59851078270003,-78.34556759893894
1751880083265136241,125.60132602858357,-78.30300320172682
1751880083365147352,125.60359195963247,-78.2684420500882
1751880083465245008,125.60539249586873,-78.2409609714523
1751880083665268659,125.60778812598437,-78.20440853619948
1751880083764950037,125.60843662533443,-78.1943682571873
1751880083865163326,125.61125187261496,-78.15135373035446
1751880084065275907,125.61386875412427,-78.11530484305695
1751880084165225744,125.61576084443368,-78.08896054327488
1751880084265122890,125.61755375203211,-78.06250180024654
1751880084465129613,125.61993412370794,-78.02690304489806
1751880084565141916,125.62174228928052,-77.99998654332012
1751880084665241956,125.6235733438516,-77.9728869330138
1751880084865132570,125.62570957420394,-77.94104947056621
1751880084965165853,125.62754062999738,-77.91356839099899
1751880085065167427,125.62940220080782,-77.88592709274963
1751880085165184497,125.63127903250279,-77.85811794921756
1751880085365212917,125.63378147408366,-77.82080258149654
1751880085465100526,125.63565067446325,-77.79262722935528
1751880085565225839,125.63724521826953,-77.7690447694622
1751880085665031909,125.63916782522574,-77.74061764450744
1751880085865267753,125.64173130347626,-77.7025011908263
1751880085965086936,125.64364628051408,-77.67375363083556
1751880086065158128,125.64556888805237,-77.6448687450029
1751880086265177488,125.64817814214621,-77.60615719575435
1751880086365393400,125.65013889613329,-77.57698238827288
1751880086465298652,125.65210728015518,-77.54768551699817
1751880086665026664,125.65473179129185,-77.50845516799018
1751880086765272617,125.65670017409138,-77.47889889311045
1751880086865189790,125.65866855776403,-77.44924343796447
1751880087065182924,125.66135410650168,-77.40954007068649
1751880087165321826,125.66336826555198,-77.37964047398418
1751880087265220165,125.66537479648832,-77.34964932547882
1751880087465208053,125.66806034289766,-77.30951870931312
1751880087565262556,125.67007450386882,-77.27931393450126
1751880087665001869,125.67208103544544,-77.24902523774654
1751880087865192174,125.67514805018436,-77.20343197323382
1751880087965096712,125.67685703618918,-77.17802609084174
1751880088065159082,125.67891697236337,-77.1474703666754
1751880088265261173,125.68166355404537,-77.1065997024998
1751880088365184783,125.6837158605922,-77.07586850039661
1751880088465172529,125.68577579827979,-77.0450762649998
1751880088565030813,125.68749241047772,-77.0193575755693
1751880088764862060,125.69023899437161,-76.97811306547374
1751880088865108966,125.69229129975429,-76.94710720935836
1751880088965284109,125.69400791323278,-76.92122067091987
1751880089065163850,125.69611362786964,-76.89010800374672
1751880089265179157,125.6989136156044,-76.8485201713629
1751880089365259885,125.70101932855323,-76.81727017275989
1751880089465002775,125.70312504156027,-76.78596676560119
1751880089665234327,125.70592502941145,-76.74415005464107
1751880089765213966,125.70803074131254,-76.71273221028969
1751880089865083456,125.71012882562354,-76.68126095831394
1751880090064932107,125.71293644106481,-76.63923062197864
1751880090165173768,125.71364597626962,-76.62518490524963
1751880090265220880,125.7111053870176,-76.66016567870975
1751880090465098381,125.7032394813723,-76.78188504185528
1751880090564707040,125.69429783138912,-76.93345059035346
1751880090665091037,125.68416599591728,-77.11527432641014
1751880090765233516,125.6764069008641,-77.25441922061145
1751880090965161561,125.6648636276368,-77.45997037086636
1751880091065160512,125.65684513386805,-77.60302151646465
1751880091165231704,125.64793400006602,-77.7489336868748
1751880091265143156,125.63521580060478,-77.97097195731476
1751880091465054750,125.61907200107817,-78.25558651797473
1751880091565283775,125.60183719848283,-78.53205288527533
1751880091665214776,125.58567814115668,-78.84526242129505
1751880091865180969,125.56176761782262,-79.27140225283802
1751880091965131998,125.54515079653356,-79.58088864339516
1751880092065088748,125.52895359304966,-79.8675555116497
1751880092165191411,125.50735477602575,-80.25572384614497
1751880092365248441,125.47876743681263,-80.78849972598255
1751880092465025186,125.45558170694858,-81.21882809419185
1751880092565128564,125.43366245506331,-81.62905300734565
1751880092665226221,125.40953831048682,-82.07784451078624
1751880092765215158,125.3947525442345,-82.40859402390197
1751880092965279340,125.37698368274141,-82.823686494492
1751880093065052986,125.36450962373056,-83.17839230410755
1751880093165093898,125.35162357520312,-83.55974758882076
1751880093265180110,125.33835605776403,-83.94457424758002
1751880093365190982,125.32574466906954,-84.32155789341778
1751880093465164899,125.31202701904112,-84.68381680641323
1751880093665135622,125.29727177019231,-85.1918963319622
1751880093764964818,125.30021671467694,-85.52092160051689
1751880093865208625,125.30534366948996,-85.81868161307648
1751880094065196275,125.31467441888526,-86.16765011614189
1751880094165157079,125.3207474158844,-86.40068234642968
1751880094265199422,125.32920078595635,-86.62708462681621
1751880094465132236,125.33875278767664,-87.02108181780204
1751880094565066337,125.34454349777661,-87.2979067680426
1751880094665181398,125.35489658551523,-87.58495510928333
1751880094865407466,125.36441044090316,-87.98531521623954
1751880094965225934,125.37423710210714,-88.34525479376316
1751880095065238237,125.38367466331692,-88.6979311844334
1751880095265225887,125.39838413475081,-89.23697079438716
1751880095365209817,125.40862278325949,-89.63527859468013
1751880095464953184,125.4192123815883,-90.01230801595375
1751880095565091848,125.43026737432228,-90.44794644415379
1751880095765177488,125.44591526361182,-91.04676236212254
1751880095865267753,125.45737461245153,-91.49429501406848
1751880095965153455,125.46730808611028,-91.88088406110182
1751880096065209150,125.47962192690466,-92.34910000674427
1751880096265220403,125.49761966860387,-93.05303372070193
1751880096365153789,125.51071933947969,-93.51860226783901
1751880096465039730,125.52336887572892,-93.94870937988162
1751880096665137290,125.54575351951644,-94.64309109514579
1751880096765322446,125.56135563197313,-95.14709652820602
1751880096865184307,125.57398227904923,-95.60862149111927
1751880097065117359,125.59758762596175,-96.364381685853
1751880097165058612,125.61721042956924,-96.94294155668467
1751880097265209674,125.63938144873828,-97.45664395345375
1751880097465107917,125.68551639921498,-98.05149258300662
1751880097565199375,125.73068241338478,-98.43894375441596
1751880097665142774,125.78643039846793,-98.78002346958965
1751880097865170001,125.88415531534702,-99.17235745349899
1751880097965156793,125.97401432320476,-99.4236391899176
1751880098065198659,126.07485965988599,-99.64320553466678
1751880098265184402,126.22444919933332,-99.91719235247001
1751880098365057468,126.38849644036964,-100.18368710298091
1751880098465097665,126.5859680583817,-100.48814572580159
1751880098565097570,126.73614505969454,-100.71527279913425
1751880098665069580,126.87411503063049,-100.92290676757693
1751880098865179300,127.07922367390711,-101.21745480364189
1751880098965209960,127.22358707676176,-101.40873135393485
1751880099065186500,127.36448673473205,-101.5746172806248
1751880099265113592,127.5483475131914,-101.75932492269203
1751880099365128993,127.68219761189539,-101.87454403564334
1751880099464929819,127.81214908888796,-101.97574795736
1751880099665189981,127.97694401041372,-102.09171475237235
1751880099765159368,128.094131511054,-102.16429318487644
1751880099865111351,128.20753483183216,-102.22898282064125
1751880100065148115,128.39270023698919,-102.3248614212498
1751880100265258073,128.66835026140325,-102.44619168201461
1751880100365168809,128.85588077723514,-102.5170534979552
1751880100464933395,129.0782623689156,-102.58983792504296
1751880100665017127,129.34666446980555,-102.65962399169803
1751880100765161275,129.57237247680314,-102.70954312104732
1751880100865218639,129.83326725283405,-102.76072873035446
1751880101065123319,130.14144901616964,-102.8084048149176
1751880101165177583,130.34922794689192,-102.83844174351543
1751880101265129327,130.54025272571016,-102.86590756149963
1751880101465007543,130.78169254603563,-102.90024746675044
1751880101565144300,131.0191650793422,-102.93325222749263
1751880101665056228,131.28765873261727,-102.97310055745766
1751880101865247011,131.605194132193,-103.01576412888244
1751880101965289115,131.81976322334958,-103.04044521832839
1751880102065199136,132.01498417183757,-103.06424893345684
1751880102265103101,132.2511444509728,-103.09001339646056
1751880102365136146,132.41346744791372,-103.10515011567622
1751880102464870691,132.56472782365745,-103.11973751941696
1751880102665200233,132.75144962524064,-103.13553036563098
1751880102765175104,132.88134769769385,-103.14456356642768
1751880102865185976,132.98368839500472,-103.15191830415279
1751880102964996576,133.10020450805314,-103.16017330810428
1751880103065206766,133.19230655871797,-103.16543758893386
1751880103265168905,133.33105472731404,-103.17193783493713
1751880103365149497,133.42893986107083,-103.17656887648627
1751880103465015649,133.54284672101494,-103.18148220842704
1751880103665184736,133.78341678937431,-103.19196499558166
1751880103764765501,134.0358734530746,-103.20333279576153
1751880103865148067,134.36145023663994,-103.21786679467186
1751880104065250396,134.92561344453134,-103.24492062535137
1751880104165205240,135.45507816481404,-103.27397335972637
1751880104265211820,136.05192570015788,-103.30641354387626
1751880104465169668,136.86145023605786,-103.35463894717395
1751880104565156698,137.40580753504764,-103.37858761707321
1751880104665183305,137.81134037172887,-103.3923357874155
1751880104765184402,138.24868778442033,-103.40107144322246
1751880104965223789,138.69447330688126,-103.4093569633551
1751880105065106153,139.11631778866285,-103.41415585391223
1751880105165044307,139.48207096382976,-103.41869534086436
1751880105265192985,140.0093689361238,-103.42481411481276
1751880105465089082,140.85757450404344,-103.42831600783393
1751880105565173149,141.55754093406722,-103.42744625918567
1751880105665164947,142.2726288238773,-103.42476834496483
1751880105865087985,143.16940311639337,-103.41676510684192
1751880105965196371,143.85147098766174,-103.4116610456258
1751880106065167665,144.52177433366887,-103.40722836507484
1751880106265187263,145.43014530395158,-103.39920987095684
1751880106365202426,146.10345462954137,-103.3930376903154
1751880106465166807,146.77790836570784,-103.38741482701153
1751880106665201663,147.67561344319256,-103.37974728504196
1751880106765104293,148.35734562121797,-103.37468136521056
1751880106865155696,149.0343475753325,-103.36960781924427
1751880107065133810,149.93421940214466,-103.36352719180286
1751880107165194272,150.6061554356129,-103.35861385799944
1751880107265145540,151.28390506957658,-103.35373868234456
1751880107465037107,152.1842651774641,-103.34780301293358
1751880107565043449,152.85935978253838,-103.34363736165687
1751880107665200233,153.54029850289226,-103.33938779076561
1751880107865088939,154.43467716441955,-103.33434475865215
1751880107965171813,155.11738590424648,-103.3310030833818
1751880108065236330,155.79478458652738,-103.32706631487235
1751880108265056610,156.69229130033636,-103.32312954682857
1751880108365089654,157.37394718418363,-103.32084072893485
1751880108465187549,158.05688480602112,-103.31907833786681
1751880108665139675,158.96702579862904,-103.31640805210918
1751880108764765262,159.64895634056302,-103.3140200516209
1751880108865177154,160.33116154070012,-103.31162442127243
1751880108965219020,160.89944462070707,-103.30978573765606
1751880109165027618,161.80569462152198,-103.30649746768177
1751880109265168190,162.48307804303477,-103.30349148670211
1751880109365163564,163.04788212047424,-103.30069149658084
1751880109465186119,163.72375492408173,-103.29757870500907
1751880109665133237,164.61978153587552,-103.29250515857711
1751880109765183210,165.294891397818,-103.2886141682975
1751880109865202665,165.9665832928731,-103.28553951764479
1751880110065236806,166.8613892007852,-103.28161801304668
1751880110165079116,167.5319824629696,-103.27849758928642
1751880110265179872,168.2036743571516,-103.27554501406848
1751880110465199947,169.10017399082426,-103.27210415713489
1751880110565205812,169.77583317062818,-103.2697237865068
1751880110665019035,170.44895939039998,-103.26775540178642
1751880110865193367,171.3558960375376,-103.2649630443193
1751880110965179920,172.01776127133053,-103.26328457705677
1751880111065018177,172.60842899623094,-103.26168240141124
1751880111265144586,173.29429630603408,-103.26117886090651
1751880111465144395,174.00830082112225,-103.26001919526607
1751880111565096855,174.37333683331963,-103.25943936267868
1751880111665059804,174.64738468371797,-103.258821379859
1751880111765149593,174.89868168218527,-103.259195222985
1751880111865128755,175.17391971917823,-103.26555050769821
1751880112065279245,175.50549320451682,-103.28002346912399
1751880112165133237,175.73307804367505,-103.28981960890815
1751880112265195608,175.9455109051778,-103.29953182954341
1751880112365111827,176.11175541230477,-103.30731381382793
1751880112465121269,176.269714395341,-103.31376064894721
1751880112664937019,176.50653080327902,-103.32113827671856
1751880112765173435,176.67475895170355,-103.32669247454032
1751880112865092754,176.8624267979758,-103.33303250325844
1751880113065127849,177.22297672578134,-103.3451022026129
1751880113165170907,177.58926395658636,-103.35701168887317
1751880113265058517,178.04446415317943,-103.37183559965342
1751880113465064525,178.8098297517281,-103.39172543724999
1751880113565117120,179.48368839576142,-103.40444363560528
1751880113665144681,180.1941528727766,-103.41407192824408
1751880113865191459,181.12783817498712,-103.42024410841987
1751880113965095520,181.80120853689732,-103.42532528471202
1751880114065163850,182.4747620028793,-103.42863644333556
1751880114265131711,183.37574772251537,-103.43366421665996
1751880114365125417,184.0558166920673,-103.43819607654586
1751880114465281009,184.72636417736067,-103.44319332810119
1751880114665149688,185.62571720406413,-103.44980801362544
1751880114765145540,186.30213932308834,-103.45490445010364
1751880114865113973,186.98109440063126,-103.46057308930904
1751880115065160274,187.8787079269532,-103.46836270205677
1751880115165009498,188.54971317510353,-103.47440518438816
1751880115265180349,189.11689762416063,-103.47989834612235
1751880115365174293,189.67463688203134,-103.4854830619879
1751880115465165615,190.35191349202069,-103.49268521228805
1751880115665131807,191.25381473789457,-103.50348843540996
1751880115765162944,191.92440799920587,-103.51164425676689
1751880115865161180,192.6059112966177,-103.52015866246074
1751880116065035343,193.50157169555314,-103.53100002976134
1751880116165142536,194.17250065051485,-103.53949154773727
1751880116265126228,194.85456852277275,-103.547639739234
1751880116465150833,195.74812320870114,-103.55766476551071
1751880116565131425,196.43041996256215,-103.56468380661681
1751880116665197134,197.09719852765556,-103.57132138172165
1751880116865064620,198.00482181768166,-103.58024777192622
1751880116965183973,198.67211918218527,-103.58657254325226
1751880117064925909,199.35617069440195,-103.59276761068031
1751880117265106439,200.24952701793518,-103.60081662191078
1751880117365068912,200.93193058285397,-103.6069430229254
1751880117465155839,201.60408024158096,-103.61273373290896
1751880117665171384,202.50756840012036,-103.62075223121792
1751880117765221357,203.18844608549261,-103.62673367466778
1751880117865062713,203.74281315028202,-103.63165463367477
1751880117965089797,204.42543033853872,-103.63783444371074
1751880118065157175,204.99218754062895,-103.6428088103421
1751880118265223264,205.88694767199922,-103.65083493152633
1751880118365060091,206.57067875063512,-103.65712918201461
1751880118465083599,207.23992923944024,-103.66308774286881
1751880118665033102,208.14645389909856,-103.67125118849799
1751880118764963150,208.82713321968913,-103.67715634265915
1751880118864971637,209.3813934729551,-103.68193233991042
1751880118965232372,210.06372074445244,-103.68803585972637
1751880119065108299,210.6179047030164,-103.69281949102879
1751880119265092849,211.4022674972657,-103.69907559407875
1751880119365145444,211.91456608194858,-103.70330990292132
1751880119465104818,212.36950687679928,-103.70772732887417
1751880119665199756,212.89624027418904,-103.71350277541205
1751880119765191793,213.24064640357392,-103.71721066255122
1751880119865146160,213.54800419148523,-103.72076595993713
1751880120065222740,213.91256717895158,-103.72496975632384
1751880120165153264,214.15713505109306,-103.72786892950535
1751880120265140295,214.38174442539457,-103.73051632754505
1751880120365186452,214.59913639433216,-103.73333920212463
1751880120565064907,215.0665741369594,-103.73896969715133
1751880120665170192,215.51559452328365,-103.74291409505531
1751880120765157938,215.96223453758284,-103.74681271519512
1751880120865041971,216.58552555413917,-103.7486056224443
1751880121065079450,217.4882202546578,-103.74721707310528
1751880121165027141,218.16398624621797,-103.74726284854114
1751880121265187978,218.8406525066821,-103.74682034319267
1751880121465288162,219.7524719653884,-103.74660672014579
1751880121565040111,220.43507389404112,-103.74030483979732
1751880121665094614,221.11654667172115,-103.70555295050144
1751880121865147590,221.94583133910783,-103.60611905064434
1751880121965204477,222.48144535376923,-103.5101488949731
1751880122064996719,222.95211796020158,-103.4092883002013
1751880122265239715,223.49319461989217,-103.28122128359973
1751880122365107774,223.9129181317985,-103.18008602922782
1751880122465167522,224.4286499437876,-103.05516232317314
1751880122665174484,225.24670414166758,-102.84993160841987
1751880122765115976,225.9093323162524,-102.68477047653869
1751880122865011453,226.55627445492428,-102.50058163516223
1751880123065096616,227.3117065835977,-102.26609219098464
1751880123165238857,227.79901127098128,-102.10022152867168
1751880123265143394,228.2204895421164,-101.9284991165623
1751880123465145111,228.68258670973592,-101.67267788760364
1751880123565098524,228.95202640694333,-101.46103848470375
1751880123665174484,229.13507084111916,-101.2823809501715
1751880123765015602,229.31092838465702,-101.07119168061763
1751880123865135431,229.4309235024266,-100.9017657181248
1751880124065150976,229.59199528058525,-100.6475390335545
1751880124165236949,229.69386295496952,-100.46977414190769
1751880124265095949,229.7843323155539,-100.30414761276916
1751880124465193271,229.8922729898477,-100.10012234887108
1751880124565183162,229.96408085152507,-99.95620907656848
1751880124665027856,230.0265655926196,-99.81993283191696
1751880124865142345,230.09759525593836,-99.6486452948302
1751880124965045690,230.14285282453056,-99.52737606596202
1751880125065104961,230.18077091383748,-99.4116991898045
1751880125265039920,230.22369388880907,-99.26351346075535
1751880125364938497,230.25480655860156,-99.13584316940978
1751880125465057611,230.2844238692196,-98.97422970691696
1751880125665222406,230.31567386933602,-98.72597683733329
1751880125765204191,230.33178714988753,-98.49341763323173
1751880125865206003,230.3384399820352,-98.28176296968013
1751880126065150022,230.34219364332967,-98.02408016845584
1751880126165147304,230.34405521664303,-97.84638394182548
1751880126265166282,230.3470764576923,-97.6804827596061
1751880126465004444,230.35211185767548,-97.47478665132076
1751880126565197467,230.3575897613773,-97.29502285644412
1751880126665069818,230.36430363036925,-97.04880704032257
1751880126865152835,230.37568668526364,-96.63852108689025
1751880126964980125,230.38681034266483,-96.2457064515911
1751880127065237283,230.39741520152893,-95.76445950428024
1751880127265259265,230.4066467693192,-94.97113217273727
1751880127365143060,230.4098053383059,-94.29026211472228
1751880127465100288,230.40928654075833,-93.5825213319622
1751880127665186405,230.40634159417823,-92.67862881533802
1751880127765138387,230.40403751726262,-92.08702267333865
1751880127865198612,230.40193180425558,-91.55704678222537
1751880128065104722,230.4005127364071,-90.81653012288734
1751880128165185689,230.40399174008053,-90.15407742466778
1751880128264960765,230.40913395176176,-89.45707120141014
1751880128465172529,230.4142914232798,-88.61924160877243
1751880128565065383,230.419647257193,-88.03052700962871
1751880128665089607,230.42715458240127,-87.35347927780822
1751880128865092039,230.4402618809836,-86.47196377441287
1751880128965044975,230.44818119343836,-85.88803280610591
1751880129065163850,230.45458988373866,-85.45065487734973
1751880129165142059,230.45993046101648,-85.05288113467395
1751880129265010118,230.46566776570398,-84.5656527383253
1751880129465066194,230.47895817109384,-83.76455105468631
1751880129565086603,230.49308780941647,-83.14105404680595
1751880129665058612,230.50643925031181,-82.57966793840751
1751880129864894151,230.52232364815427,-81.93045986862853
1751880129965026855,230.53274540114217,-81.50578488409519
1751880130165167808,230.54243473359384,-81.07655514311045
1751880130265067338,230.55487064702902,-80.54756344668567
1751880130365117788,230.5683746736031,-79.92512692464516
1751880130465165853,230.5791473792051,-79.2745684524998
1751880130565046787,230.5747070714715,-78.65399349946529
1751880130765203714,230.5284882002743,-78.02184476004913
1751880130865145444,230.44042972789612,-77.55781735293567
1751880130965153455,230.285842936486,-77.10859097447246
1751880131165105342,230.08442692039534,-76.76119412155822
1751880131265176773,229.8921051430516,-76.53352536307648
1751880131365096330,229.6667786045,-76.32588375825435
1751880131565198421,229.45140079740668,-76.15984524739906
1751880131665208578,229.27864078735,-76.0389117137529
1751880131765216588,229.07704166776966,-75.90561093157157
1751880131965160846,228.80314640246797,-75.7268847366795
1751880132064954280,228.5461578767281,-75.56225002929568
1751880132165294647,228.3150940357591,-75.42382992710918
1751880132265226840,228.10287479567342,-75.3062762147747
1751880132465086221,227.90847782290075,-75.20123471086845
1751880132564987659,227.5863495283993,-75.02785671828315
1751880132665205240,227.3768921304727,-74.91523159947246
1751880132765041351,226.9753570969915,-74.70108975144103
1751880132965110301,226.62089542648755,-74.51677121128887
1751880133064931154,226.35272220964544,-74.37895382521674
1751880133165092468,226.07130436215084,-74.24344052001834
1751880133365184783,225.74855045584263,-74.1106585408561
1751880133465086936,225.61721805797424,-74.0664233090356
1751880133565205812,225.40203861502232,-74.00560177862644
1751880133764961719,225.20433048572158,-73.95763577101752
1751880133865195035,225.04797367349965,-73.92243374697864
1751880133965156316,224.87843326944858,-73.88739956729114
1751880134165101051,224.72077946050558,-73.85749996826053
1751880134265191078,224.59420780360233,-73.83512295736
1751880134365060329,224.4750061451341,-73.81704129045829
1751880134465121269,224.3992462567403,-73.8074587713927
1751880134565145015,224.2730408126954,-73.793283354491
1751880134765054941,224.1546936450759,-73.78277005115524
1751880134865201234,224.05844120209804,-73.77619351167232
1751880134965083360,223.95138553832658,-73.76978482119739
1751880135164940834,223.84994510846445,-73.76608456578106
1751880135265213489,223.76745609584032,-73.7653139969334
1751880135365134000,223.67559818469454,-73.76641263021156
1751880135565174818,223.5807037750492,-73.76845730701461
1751880135664970636,223.4312897141208,-73.77292813081294
1751880135765254974,223.22436527430546,-73.7797182914801
1751880135864957094,222.9009399812785,-73.78972043050453
1751880136064960241,222.46977237885585,-73.80461300769821
1751880136165039539,222.05421451712027,-73.81794156040996
1751880136265026330,221.68212894693715,-73.83496274100617
1751880136365038156,221.45883182802936,-73.8512514946051
1751880136465118408,221.10720829165075,-73.88134182617068
1751880136665094614,220.83847049897304,-73.90460385009646
1751880136765102863,220.5186920572305,-73.93263424793258
1751880136865080595,220.3731689871056,-73.94493283238262
1751880136965184211,220.13743595371488,-73.96223629591987
1751880137165285348,219.92279056773987,-73.97818173095584
1751880137265195846,219.75334171473514,-73.9906710521318
1751880137365045309,219.5956573887961,-74.00238979794085
1751880137465208768,219.49655155377695,-74.00934017682448
1751880137565095424,219.33300785301253,-74.01921261660755
1751880137765170574,219.18060306773987,-74.02855862583965
1751880137865188598,219.05786136904499,-74.03606594912708
1751880137965224027,218.92308048461564,-74.04424466006458
1751880138164883613,218.7964783119969,-74.05029476992786
1751880138264904975,218.67657474800944,-74.0554446070455
1751880138365161657,218.61094669648446,-74.05835904181004
1751880138465101480,218.51622013311135,-74.06237973133102
1751880138565006494,218.39579776953906,-74.06743801711127
1751880138764864206,218.18217472318793,-74.07662380905822
1751880138864879369,217.88333133945707,-74.08898343145847
1751880138964868783,217.66793827200308,-74.09781827032566
1751880139065241813,217.2745666912524,-74.11268032947555
1751880139165256023,216.79467777418904,-74.12856472656131
1751880139364942073,216.11236576270312,-74.14953030273318
1751880139465115547,215.44395450834418,-74.16631497442722
1751880139565088510,214.6195068777306,-74.18634976586327
1751880139765028238,213.81442264729412,-74.2048205267638
1751880139864987850,213.1374359546462,-74.21991146635264
1751880139964964151,212.3403931079083,-74.23753537237644
1751880140165029048,211.54338077793363,-74.25511349737644
1751880140264958381,210.7472382009728,-74.27208126988262
1751880140364924430,210.29209903988522,-74.27369107073173
1751880140465278863,209.49511722940952,-74.26930416794494
1751880140664958953,208.6979217941407,-74.264436614234
1751880140765117883,207.90083317097742,-74.25958431977779
1751880140864941358,207.4452209888841,-74.25686062639579
1751880140965250730,206.64804081316106,-74.25197781203315
1751880141165265321,205.85096744867042,-74.24710263032466
1751880141265283584,205.16757206246257,-74.24294461030513
1751880141365010023,204.48419193539303,-74.23880184907466
1751880141465155839,203.80110172613058,-74.23458279436454
1751880141665037155,203.0039062901633,-74.2296694633551
1751880141765211582,202.32034305745037,-74.2254732963629
1751880141865153789,201.6372833661735,-74.22123898100108
1751880141965190172,201.18173221871257,-74.21843899646774
1751880142065312147,200.38432316062972,-74.21348751801997
1751880142165033817,199.81512455269694,-74.20990170584992
1751880142365084409,199.0180054124212,-74.20495022740215
1751880142465210437,198.3345795092173,-74.20070828124881
1751880142565097808,197.5375671798829,-74.1956194746308
1751880142764942884,196.74079899204662,-74.1905001536943
1751880142864844799,196.05784610967385,-74.1862582094036
1751880142965141296,195.2613373203203,-74.18136013532057
1751880143165075778,194.46496586169815,-74.1765383630991
1751880143265177011,193.78349308297038,-74.17291439743713
1751880143365292310,192.98771671461873,-74.16891659563407
1751880143565149068,192.19291691010585,-74.16476620733738
1751880143665252208,191.50991825270467,-74.16097439778969
1751880143765103816,190.73081974347588,-74.15708340378478
1751880143965047836,190.04301456647227,-74.15229977341369
1751880144065001487,189.5262146393652,-74.14905728586018
1751880144164899587,189.0704040931305,-74.14732540911064
1751880144265005111,188.7976227219915,-74.1459368611686
1751880144365112543,188.37231449404499,-74.14294613851234
1751880144565077066,188.00083927431842,-74.1419390537776
1751880144665163755,187.71961979113985,-74.1410159021616
1751880144764985561,187.42781071044737,-74.14016140811145
1751880144965170383,187.1668396401219,-74.13981808582321
1751880145065046548,186.96522525965702,-74.1393832094036
1751880145165018081,186.75201420066878,-74.13862789981067
1751880145364950895,186.55909733148292,-74.13802517578006
1751880145464930772,186.3824310717173,-74.13792599504814
1751880145564981222,186.28765873319935,-74.13786496128887
1751880145664958238,186.13230900163762,-74.13765134103596
1751880145865173339,185.98922733654035,-74.13728512637317
1751880145965266227,185.85386661696248,-74.13688076566905
1751880146065314531,185.75430301949382,-74.1365145589225
1751880146165146827,185.5462494296953,-74.13480557361618
1751880146365255355,185.3572082928149,-74.12914456101134
1751880146465306520,185.20817569934297,-74.12120999442413
1751880146564994573,185.04655460629147,-74.11020077671856
1751880146764968156,184.89688114332967,-74.10015286365524
1751880146864972591,184.777694742952,-74.09112728992477
1751880146964994907,184.6486816807883,-74.07931698486209
1751880147165007591,184.52980045531876,-74.06517971726134
1751880147265210151,184.43577579769772,-74.05066860746592
1751880147364989757,184.3349152012961,-74.03094662493095
1751880147565046072,184.2406311451923,-74.00940884510055
1751880147665046453,184.16096500551794,-73.99015225376934
1751880147765065193,184.0154571936,-73.95236386079341
1751880147865138292,183.86680606991285,-73.91224850527942
1751880148065306186,183.5887451582821,-73.83670986955985
1751880148165268898,183.2902679843828,-73.75563992187381
1751880148265071630,183.13761905941647,-73.71235073916614
1751880148365119457,182.8952789705363,-73.63752926606685
1751880148565039157,182.68193058192264,-73.56071652378887
1751880148665053844,182.5203247469617,-73.49189938558266
1751880148764832973,182.34953312273137,-73.41024197405204
1751880148965003967,182.19047550542746,-73.32929409854114
1751880149065248250,182.02494816062972,-73.23836697405204
1751880149165164232,181.84899906406645,-73.13092221226543
1751880149365056514,181.69216923089698,-73.02582730120048
1751880149464971065,181.5384674470406,-72.91890133870766
1751880149565362691,181.322113076807,-72.7602023021318
1751880149764942407,181.1323547778884,-72.61067379778251
1751880149865248441,180.97680668183602,-72.48672665422782
1751880149965054988,180.73847965465393,-72.29200161946937
1751880150165255784,180.47262577310903,-72.06151760928333
1751880150265239000,180.27973942097742,-71.87957943743095
1751880150365064859,180.08956913213478,-71.6807421585545
1751880150465070962,179.97489933331963,-71.54581631859764
1751880150665164947,179.84240726812277,-71.36541165132076
1751880150765311479,179.74037174519617,-71.19532192870975
1751880150865036249,179.69319156976417,-71.10260189790279
1751880150965161800,179.62159733165754,-70.94633664051071
1751880151165137052,179.56094364495948,-70.79685391159728
1751880151265009164,179.51252750726417,-70.66674984898418
1751880151365064620,179.4366150299902,-70.4474429031834
1751880151465097665,179.37399296020158,-70.25885189883411
1751880151565181255,179.3223877355922,-70.0852831704542
1751880151765046834,179.26788334094454,-69.86058224411681
1751880151865121841,179.23181156336796,-69.68093289108947
1751880151965344905,179.19647220848128,-69.48486508149654
1751880152165023565,179.16444400977343,-69.30263699311763
1751880152265121459,179.13566593371797,-69.13331021182239
1751880152365286350,179.12150577746797,-69.04193295352161
1751880152465107202,179.10365299577825,-68.91152371419594
1751880152565282821,179.09057621180546,-68.78815640509129
1751880152765130519,179.07875065121334,-68.64740170538425
1751880152865113019,179.06613163184375,-68.47966183675453
1751880152965232372,179.04737858031876,-68.20449246419594
1751880153165174961,179.0120392246754,-67.70381344668567
1751880153265034437,178.99244693934452,-67.42140377638862
1751880153365271091,178.95193485543132,-66.82859219238162
1751880153465033531,178.91648868913762,-66.34427822660655
1751880153565275192,178.88279728306225,-65.84887112583965
1751880153764818191,178.8409271647688,-65.18804348632693
1751880153865133762,178.8096924231504,-64.69267453020439
1751880153964963436,178.77964786696248,-64.18661678861827
1751880154165306568,178.77037052379455,-63.74932659883052
1751880154265022516,178.7832641999703,-63.41888226568699
1751880154364890813,178.81028751598205,-63.075445069000125
1751880154565192699,178.83540348423412,-62.76979245012626
1751880154665101051,178.85519413265865,-62.53273571841419
1751880154765021324,178.8763885908993,-62.28064144635573
1751880154965027332,178.89929203211796,-62.007608307525516
1751880155065172910,178.92434696370037,-61.706716432701796
1751880155165190935,178.95167545526056,-61.3835886833258
1751880155365182161,178.97605900035705,-61.09569729492068
1751880155465273141,178.99154667259427,-60.871801268309355
1751880155565224647,179.00228885869728,-60.63269223179668
1751880155764919519,179.0116119791055,-60.414029971230775
1751880155865150213,179.02059940691106,-60.200269591994584
1751880155965214252,179.03416446893243,-59.86116971215233
1751880156165166616,179.0537567541469,-59.41101254336536
1751880156265164375,179.07376102590933,-58.97428311267868
1751880156365011215,179.09500126203056,-58.51631344575435
1751880156565306663,179.11383060819935,-58.11832989519462
1751880156665209531,179.12814335117582,-57.81698407046497
1751880156765306949,179.13702396675944,-57.50203884905204
1751880156964972496,179.13919071480632,-57.22049511736259
1751880157065273046,179.1409759921953,-57.00248135486618
1751880157165109157,179.14208988414612,-56.80280483933166
1751880157265227556,179.14303592965007,-56.61809719633311
1751880157365279674,179.14375309244497,-56.45730007952079
1751880157565046072,179.14503483008593,-56.152223479468375
1751880157665221929,179.14752201363444,-55.868394744582474
1751880157765171766,179.1488953048829,-55.55367458984256
1751880157965132236,179.1507111004321,-55.13614071905613
1751880158065227985,179.1525879316032,-54.68877972662449
1751880158165140628,179.15217594307614,-54.14777172682807
1751880158265211820,179.14901737554464,-53.754091154783964
1751880158365107536,179.13311771681765,-53.01668728655204
1751880158565449237,179.11044315539766,-52.25615109363571
1751880158664957761,179.0766296783695,-51.67217816179618
1751880158764965295,179.00045780499931,-51.08055676147342
1751880158965174198,178.87690739007667,-50.58353604236618
1751880159165089130,178.61875919497106,-50.04203976597637
1751880159265154361,178.43573002010817,-49.80481137474999
1751880159365079879,178.24763492849888,-49.621312990318984
1751880159465220689,178.06140140711796,-49.4818972479552
1751880159565221548,177.91247562726494,-49.3885973803699
1751880159765127420,177.7154236243805,-49.28055752720684
1751880159865142822,177.55770878173644,-49.203122986480594
1751880159965090751,177.38694767164998,-49.12529934803024
1751880160164876937,177.21640018629842,-49.049749271944165
1751880160265103101,176.97615055413917,-48.943078885786235
1751880160365192174,176.81373600213556,-48.87156094517559
1751880160465040683,176.5567322182469,-48.76256741536781
1751880160665052413,176.3266907155048,-48.67030133213848
1751880160765051603,176.1192474772688,-48.588270080741495
1751880160865269184,176.008819620125,-48.546655549202114
1751880160965168476,175.82803348707967,-48.48327435506508
1751880161165076732,175.66203312115977,-48.42919339006767
1751880161265182733,175.53038028941955,-48.38784588780254
1751880161364959001,175.40725712070707,-48.35235775774345
1751880161465212821,175.29144291277044,-48.32166089070961
1751880161664950132,175.16407779988367,-48.28916729800403
1751880161765064477,175.04437260015402,-48.26020993106067
1751880161865027666,174.97947696968913,-48.24590481398627
1751880161965081691,174.8720245779259,-48.22477139392868
1751880162165050029,174.77224735572236,-48.208669557236135
1751880162265273571,174.691970866872,-48.19855679338798
1751880162365277528,174.60313419491285,-48.188791170250624
1751880162565448522,174.49089054297656,-48.177503479644656
1751880162664950847,174.33642582292669,-48.16432370292023
1751880162765012502,174.08287052530795,-48.14552105497569
1751880162965423583,173.738845866872,-48.11817349260673
1751880163065232038,173.35647587181302,-48.08857144229114
1751880163165055990,172.80374149652198,-48.04841794120148
1751880163365090608,172.12094120390248,-48.000715150963515
1751880163465221166,171.45333866396686,-47.95871914876625
1751880163565107345,170.74952701746952,-47.9177836291492
1751880163664948940,170.2767944741645,-47.89205730892718
1751880163765161991,169.49304203211796,-47.86460675159469
1751880163965150833,168.69897464918904,-47.84673489490524
1751880164065134525,168.0169220388052,-47.83144177496433
1751880164165008783,167.22099308343604,-47.8135737311095
1751880164365345478,166.4249573154957,-47.79577435273677
1751880164465218067,165.74295047938358,-47.78049267549068
1751880164565130233,164.947250407713,-47.76264752307907
1751880164765334606,164.1513977452414,-47.7448252546601
1751880164865220308,163.4689941807883,-47.729596988298
1751880164965265989,162.67315677989973,-47.71176327764988
1751880165165108919,161.87757877528202,-47.69389904756099
1751880165265259027,161.19543461198919,-47.67861355422065
1751880165365077733,160.39935306739062,-47.66087902709842
1751880165565219640,159.60650638863444,-47.643880737479776
1751880165664822101,158.9789581701043,-47.638208283577114
1751880165765138626,158.20281986432383,-47.64438046468422
1751880165965280771,157.42594913823996,-47.65298642171547
1751880166065228939,156.7475128590013,-47.66015042178333
1751880166165343046,155.95164493715856,-47.66860378906131
1751880166265070438,155.38287357526133,-47.674734010361135
1751880166465250730,154.58679203270003,-47.68326367205009
1751880166565198421,153.7914734298829,-47.69117535604164
1751880166664901733,153.33712772733998,-47.68781460588798
1751880166764995574,152.5411072181305,-47.67480648774654
1751880166965237617,151.745452920557,-47.66139782778919
1751880167065238714,150.94940189644694,-47.6479967944324
1751880167165124654,150.4942322173738,-47.6403864743188
1751880167265184402,149.81213382951682,-47.62883175816387
1751880167365113258,149.12983707583044,-47.617246518842876
1751880167565058708,148.3337707919418,-47.60381878633052
1751880167664973497,147.5375366610824,-47.590387237258255
1751880167765145540,147.08290104131447,-47.5826319581829
1751880167865250825,146.28671268798644,-47.56920422334224
1751880168065314292,145.49041752098128,-47.55576504394412
1751880168165220499,144.6944733078126,-47.54226864501834
1751880168264970302,144.23954777017934,-47.5344828478992
1751880168364960670,143.44326786400052,-47.52100552478805
1751880168565146446,142.64707950811135,-47.507509127724916
1751880168664979696,141.9647674957523,-47.4958094493486
1751880168764887809,141.18437198828906,-47.48262585513294
1751880168965236902,140.4960480144946,-47.471406830474734
1751880169065035820,139.89862064598128,-47.46098508127034
1751880169165080070,139.59344486589544,-47.45559109514579
1751880169265163421,139.11782841093373,-47.44669140689075
1751880169365180015,138.8173675951548,-47.44153775088489
1751880169565139532,138.4436951088719,-47.43496884312481
1751880169664982557,138.15975956246257,-47.429407014511526
1751880169765007734,137.86340336006833,-47.42389096273109
1751880169965095520,137.59851078223437,-47.418851748574525
1751880170065081357,137.39321903372183,-47.414827241096646
1751880170165074586,137.14540104265325,-47.4101809412241
1751880170265017271,136.91319279005984,-47.405790221411735
1751880170464866876,136.49485782923875,-47.398389710113406
1751880170565017700,136.0758362225024,-47.38903225911781
1751880170665024518,135.69348148570862,-47.38155544968322
1751880170765211582,135.46417240507435,-47.37702358933166
1751880170865130186,135.15119938197313,-47.371545682661235
1751880170965107679,134.87065128516406,-47.373582733329386
1751880171165086269,134.57894901494728,-47.38894451921806
1751880171264842987,134.35433964122785,-47.41150082740933
1751880171365164279,134.11270145582967,-47.44125164952129
1751880171565138101,133.80450443638256,-47.48012722656131
1751880171664894580,133.45642093988135,-47.524663819465786
1751880171765050411,132.94599918543827,-47.59114636480808
1751880171965248107,132.35400394757744,-47.66538800019771
1751880172065255880,131.852676432929,-47.73172940360382
1751880172165171146,131.34371952421498,-47.81893719546497
1751880172365213155,130.91535953746643,-47.9391764565371
1751880172464982271,130.6095886635594,-48.06770123075694
1751880172565056562,130.31626896199305,-48.23729122849181
1751880172664931058,130.1393433023477,-48.36017025774345
1751880172764976978,129.98260502144694,-48.47881115693599
1751880172965330839,129.78993229108164,-48.635370146948844
1751880173064923048,129.64108280325308,-48.75768460147083
1751880173164974689,129.4809112958028,-48.88474453892559
1751880173364936590,129.33499149500858,-48.99873532354832
1751880173465153694,129.22079471778125,-49.0876063243486
1751880173565095901,129.11514286271995,-49.169290436431766
1751880173664957761,129.00573734543286,-49.2544802557677
1751880173865150928,128.82154850359075,-49.39801968354732
1751880173964978933,128.60964969813358,-49.56323803542182
1751880174065031528,128.3497162272688,-49.76572216954082
1751880174165269136,128.11119083681842,-49.952871217392385
1751880174264766693,127.93366245599464,-50.09530819719657
1751880174464947462,127.71555332484422,-50.28226269548759
1751880174664983987,127.46178440295625,-50.53281964035705
1751880174765041351,127.31679538881872,-50.69873227272183
1751880174865308046,127.24207309947815,-50.789121521636844
1751880174964959859,127.09771732566878,-50.968725098297
1751880175164901971,126.8976211961126,-51.220495119225234
1751880175364951848,126.51804355892818,-51.70194424735382
1751880175464920997,126.28721622808371,-52.01745404070243
1751880175564979791,126.177444498986,-52.18466366548091
1751880175664922952,126.02269749029074,-52.459173095878214
1751880175865208148,125.90864567091921,-52.71341504016891
1751880175965049028,125.81828312133439,-52.94766797032207
1751880176065177679,125.77011875488097,-53.082105533219874
1751880176165084362,125.66413883573841,-53.390581025741994
1751880176365159511,125.52291111316299,-53.80259884800762
1751880176565190553,125.27124027477112,-54.557905091904104
1751880176665174484,125.12593845603988,-55.029546631500125
1751880176765194416,125.01036075875163,-55.51840390218422
1751880176965150117,124.96943668660242,-55.950570951681584
1751880177065211296,124.97218326851726,-56.2773035899736
1751880177165141820,125.00003055820707,-56.613447084091604
1751880177265075445,125.02906040404923,-56.828771483153105
1751880177465204954,125.07071689970326,-57.10182751528919
1751880177565172910,125.10869602521416,-57.34727658191696
1751880177665140151,125.1280594272539,-57.47679318021983
1751880177765116930,125.1557007235242,-57.6870173336938
1751880177965217590,125.17517093900824,-57.87976635619998
1751880178065249681,125.18968204717385,-58.03295697271824
1751880178165164947,125.2048492829781,-58.198453798890114
1751880178365235567,125.21619419346098,-58.35100735537708
1751880178465099096,125.22343448898755,-58.47371090762317
1751880178565117359,125.2311630663462,-58.6085184966214
1751880178665155887,125.23587803111877,-58.6990145589225
1751880178765179872,125.23928074218566,-58.78513134736568
1751880178965178251,125.24361423682421,-58.899118315428495
1751880179165193796,125.24919132568175,-59.04929913440719
1751880179265153884,125.25119022559375,-59.13250149553642
1751880179365087032,125.25240329897497,-59.22423733584583
1751880179565098524,125.25344089767896,-59.31381787080318
1751880179765200853,125.25647739553824,-59.542356384918094
1751880179865186929,125.25968937098514,-59.79702557530254
1751880179965155839,125.26203922613058,-59.981653107795864
1751880180065195798,125.26660923333839,-60.28080166876316
1751880180165167570,125.26590732787736,-60.460428131744266
1751880180265137434,125.26074222812895,-60.708581819199026
1751880180365135908,125.25556949758902,-60.937868013978004
1751880180465172767,125.24923710204894,-61.1686343094334
1751880180665251731,125.24031070980709,-61.58647717302665
1751880180765130996,125.22866825305391,-62.116605651564896
1751880180865237474,125.22386936453404,-62.47558010928333
1751880180965163707,125.21730808529537,-63.205728424713016
1751880181165152311,125.2177658478613,-64.01131619047374
1751880181365274667,125.22802738391329,-65.16867245314643
1751880181465268850,125.23626713093836,-65.84411038411781
1751880181565137147,125.2453155919793,-66.63915432849899
1751880181765254259,125.25457767647458,-67.41884030262008
1751880181965256929,125.29261783941183,-68.43180264579132
1751880182065042495,125.35004429053515,-68.96930111711845
1751880182165227890,125.46121219987981,-69.50940121524036
1751880182365164518,125.62260441191029,-69.95842160005122
1751880182465330600,125.78298191388603,-70.27974118292332
1751880182565126657,125.94070438540075,-70.55962551990524
1751880182665125608,126.08547214849386,-70.81044949404895
1751880182765186309,126.19538883585483,-71.00174130359665
1751880182965214014,126.34133152361028,-71.24253261974081
1751880183065162420,126.46318821294699,-71.42530239885673
1751880183165249109,126.60405735182576,-71.61241329973564
1751880183365214824,126.74436954734847,-71.77555264392868
1751880183465132236,126.8798447069712,-71.92270840518177
1751880183565274000,127.10650638799416,-72.1531313774176
1751880183765171527,127.4162598058465,-72.4589251386933
1751880183865139007,127.80254368158057,-72.82993496907875
1751880183965188026,128.0306854645023,-73.04729641601443
1751880184065287351,128.39709476655116,-73.37546719284728
1751880184165181398,128.6407623703126,-73.56864346051589
1751880184365167617,128.963211101247,-73.78337277565151
1751880184465284109,129.22334293602034,-73.91978634474799
1751880184565133810,129.5092621250078,-74.03436459321529
1751880184765237092,129.77590946370037,-74.11985195893794
1751880184865241289,129.98899845278356,-74.17931546084583
1751880184965316772,130.21932987420587,-74.24090756010264
1751880185165261030,130.4321747230715,-74.29691494768485
1751880185265237092,130.64646915753838,-74.35278500290588
1751880185365192890,130.8054199620383,-74.3941820980981
1751880185465176105,131.10884098208044,-74.47586239874363
1751880185565258264,131.30949405982392,-74.52904690755531
1751880185765207290,131.66716007434297,-74.6234835498035
1751880185865084409,132.06224064144772,-74.7274035345763
1751880185965228796,132.59294132434297,-74.86711300816387
1751880186165245771,133.13108829804696,-75.00827969331294
1751880186265112638,133.67558292654576,-75.15080441208556
1751880186365175962,134.29306034301408,-75.31283749360591
1751880186465253829,134.68266300531104,-75.4136752015911
1751880186565348386,135.0368194982875,-75.4985827319324
1751880186765155076,135.47962955676485,-75.57849301304668
1751880186965474128,136.023590128636,-75.62483395356685
1751880187065058231,136.30694584234152,-75.63488186709583
1751880187165063142,136.60455326433294,-75.64481533970684
1751880187365159988,136.87174991879147,-75.65645016217604
1751880187465220689,137.0798798025353,-75.67167843785137
1751880187565096139,137.30377201235387,-75.69370449706912
1751880187765066385,137.5380096832523,-75.7183321849443
1751880187865054130,137.81030277628452,-75.74693478504196
1751880187965152025,138.0862121997634,-75.77611722005531
1751880188065105438,138.2543030186789,-75.79371823137626
1751880188165194988,138.5751190604642,-75.82758511556312
1751880188365295171,138.95368961512577,-75.8672961127013
1751880188465249300,139.24121097743046,-75.8941134349443
1751880188565295696,139.5434723298531,-75.91479672351852
1751880188765142202,139.82046512776287,-75.93284023925662
1751880188865216970,140.11596683668904,-75.95199002185836
1751880188965121269,140.49708561284933,-75.97654904099181
1751880189065153360,140.79766849859152,-75.99562252731994
1751880189165295362,141.43058780930005,-76.03466976853088
1751880189365231275,142.18608097324613,-76.08041561720893
1751880189465281486,142.88740543543827,-76.12098873918876
1751880189565297603,143.71134952874854,-76.16684140311554
1751880189765190601,144.4909668379696,-76.20981778064743
1751880189865194082,145.1734619551571,-76.247835051734
1751880190065256595,146.17958072863985,-76.30392636405304
1751880190165232419,147.0756836348446,-76.35411251708865
1751880190365221977,147.82724003004842,-76.39293850772083
1751880190465169191,148.41777042730246,-76.40902890078723
1751880190565150260,149.20277408941183,-76.39731777785346
1751880190665250539,149.7548065582523,-76.38392819091678
1751880190765082120,150.25573734554928,-76.37227810639888
1751880190965184211,150.88087467412697,-76.35784329520538
1751880191065268754,151.4260712087853,-76.34597958438098
1751880191165212392,151.83558658941183,-76.34218014637008
1751880191365243196,152.31414799031336,-76.3455752255395
1751880191465311765,152.6064911291469,-76.3488406050019
1751880191565046548,153.1231537280255,-76.35413540760055
1751880191765083312,153.7706909587141,-76.36085690231994
1751880191865225315,154.42446903482778,-76.36792172119021
1751880191965157747,155.2438354891492,-76.37716091843322
1751880192165354490,156.05957035312895,-76.3859270918183
1751880192265202999,156.7289734291844,-76.39319027680904
1751880192365333318,157.52314762363676,-76.40182675328106
1751880192565299749,158.30355838942342,-76.41544522345066
1751880192665232896,159.10087589581963,-76.43765438720584
1751880192765037536,159.65533451450756,-76.45314205810428
1751880192865159749,160.2227783606504,-76.46898068254814
1751880192965147018,160.89526371174725,-76.48788632219657
1751880193165171384,161.68394474301022,-76.51051510777324
1751880193265249490,162.47164921020158,-76.53300656098872
1751880193365220308,163.14709476649296,-76.552202119492
1751880193565097332,163.93783573503606,-76.57475460786372
1751880193665220975,164.72297672647983,-76.59700955217704
1751880193765093564,165.4036865637172,-76.61632718052715
1751880193965202093,166.2999725738773,-76.64177120989189
1751880194065162420,166.9804230152513,-76.66155422991142
1751880194165212154,167.6492309969617,-76.68144406238571
1751880194265058994,168.2169342446141,-76.69758786261082
1751880194365114212,168.77566532348283,-76.71373165864497
1751880194565200328,169.56472782447236,-76.73575772345066
1751880194665118932,170.35830692597665,-76.75812710355967
1751880194765079498,171.02606205223128,-76.7771395565942
1751880194965242624,171.82402042596368,-76.80028714379296
1751880195065112590,172.6031952322228,-76.82304562535137
1751880195165238380,173.17062381934375,-76.83883847063407
1751880195265193223,173.85174564702902,-76.85805691592395
1751880195365017652,174.42225650977343,-76.87431515753269
1751880195565247774,175.21920780540677,-76.89734066743404
1751880195665303945,176.0163574629696,-76.9203585498035
1751880195765033245,176.6996155185625,-76.94008816732094
1751880195965254545,177.61062626214698,-76.96639431919903
1751880196065061569,178.2947845859453,-76.98511685011908
1751880196165066719,178.96058658778202,-77.00280178850517
1751880196365250110,179.71472172020003,-77.02458371175453
1751880196465137243,180.37228397582658,-77.04299344262108
1751880196565122842,180.8676758215297,-77.05798520054668
1751880196665193796,181.23683170671575,-77.06941403169185
1751880196765172004,181.57020572852343,-77.07969845784828
1751880196965304136,181.9848785805516,-77.09270657412708
1751880197065202236,182.41038517351262,-77.10577572649345
1751880197165076971,182.87100223707967,-77.11977566592395
1751880197365308761,183.53128055809066,-77.14023007219657
1751880197465183496,184.27838138776133,-77.16424740850925
1751880197565177440,184.92544559849193,-77.18580044433475
1751880197764918804,185.69438175542746,-77.21087826648727
1751880197865279436,186.2612305098446,-77.2288531200029
1751880197965104818,186.92547611525515,-77.25116910086945
1751880198165272235,187.7948761403095,-77.27649105805904
1751880198265267848,188.36364750168286,-77.29281033296138
1751880198365298748,188.8689728184836,-77.30744351353496
1751880198565207481,189.45484928390943,-77.32628811756149
1751880198665226697,189.83345035882667,-77.34881771868095
1751880198765072345,190.16624454711564,-77.38647641101852
1751880198965201854,190.50395206722897,-77.45285977236927
1751880199065116405,190.7994842932094,-77.53334988374263
1751880199165169954,191.02803043631138,-77.60296048037708
1751880199365226507,191.30297855543904,-77.68885983340442
1751880199465245962,191.5075683996547,-77.75325192185119
1751880199565171003,191.764312784886,-77.83590878127143
1751880199665019750,191.962509196077,-77.90458096470684
1751880199865219116,192.20825199456885,-78.00316799851134
1751880199965043783,192.42761234444333,-78.10141171282157
1751880200065207719,192.5697327061789,-78.16840542526916
1751880200165110588,192.72470096871257,-78.2468432309106
1751880200365258932,192.88531498319935,-78.33841122407466
1751880200465183019,193.03024296159856,-78.42839230131358
1751880200565228223,193.14239506068407,-78.50290096877143
1751880200765291929,193.25848392792977,-78.58706844830886
1751880200865197658,193.363906901679,-78.67228115955368
1751880200965087413,193.4826050202828,-78.77427853504196
1751880201065166950,193.580902139307,-78.86654080403969
1751880201265237092,193.6983948169509,-78.99186123674735
1751880201365213394,193.81256107700756,-79.12189663667232
1751880201465257883,193.9174194743391,-79.25051296828315
1751880201565130472,194.04705814638874,-79.42923153657466
1751880201765274763,194.16831974301022,-79.62137020938098
1751880201865139007,194.27073673601262,-79.79892147844657
1751880201965144634,194.34785465424648,-79.94142331043258
1751880202165155649,194.4304199637263,-80.09529293747619
1751880202265200853,194.50621036847588,-80.23661984410137
1751880202365249395,194.5666962087853,-80.34869564604014
1751880202565150022,194.6311035574181,-80.47041500918567
1751880202665103912,194.6884766035946,-80.58480252325535
1751880202765248775,194.73475651122862,-80.68079556245357
1751880202965192079,194.78742985107237,-80.78915585391223
1751880203165208816,194.87390140694333,-80.97048367466778
1751880203265185117,194.9380646161735,-81.1157168308273
1751880203365015983,194.97854618297424,-81.21337307570502
1751880203465179920,195.0237274582032,-81.32497586077079
1751880203665236234,195.05783085117582,-81.41520108282566
1751880203765217542,195.1020050451625,-81.53726376313716
1751880203865079402,195.1432495532208,-81.65433682408184
1751880203965149164,195.1764679372427,-81.75032986421138
1751880204165221691,195.2108917637961,-81.85785855166614
1751880204265150547,195.25236515363213,-81.98894681083038
1751880204365015983,195.2917023121845,-82.1129473540932
1751880204465087652,195.3352508941316,-82.2505892640911
1751880204665210962,195.3813629562501,-82.4000719897449
1751880204765094757,195.4240112717962,-82.53972042957321
1751880204865046262,195.45280460617505,-82.63396633928642
1751880204965224504,195.48533634498017,-82.74150265660137
1751880205165234327,195.5196533605922,-82.86017788527533
1751880205265192985,195.55017093929928,-82.97186459368095
1751880205365179061,195.56959537800867,-83.0482577206567
1751880205565135717,195.61003116919892,-83.20827664202079
1751880205765335798,195.63684086187277,-83.31185330171138
1751880205865168333,195.66632084164303,-83.42354763951153
1751880205965099573,195.69447330688126,-83.52762020984665
1751880206165273189,195.73130802519154,-83.65987576264888
1751880206365272760,195.79228214605246,-83.87034786771983
1751880206465123176,195.84182743367273,-84.03338803444058
1751880206565113306,195.88938907789998,-84.18394650239497
1751880206765065193,195.95132450264646,-84.37263669073582
1751880206865270614,196.020874063659,-84.57573880115524
1751880206965166807,196.0870361723937,-84.76152981631458
1751880207065134525,196.14729313080898,-84.92490567080677
1751880207265325784,196.24066166148987,-85.16646756138653
1751880207364983081,196.34524540125858,-85.4234026777558
1751880207465221166,196.42742923938204,-85.61666287388653
1751880207565303564,196.53503422031645,-85.85968197556213
1751880207765277147,196.67430118884658,-86.15800656145439
1751880207865111589,196.82894901471445,-86.4727572328411
1751880207965255022,196.97474674589466,-86.75618923921138
1751880208165212392,197.16265873168595,-87.1016634828411
1751880208265211343,197.37132267199922,-87.46307553071529
1751880208365172624,197.56811527512036,-87.7853106376715
1751880208565167427,197.82112125644926,-88.17480648588389
1751880208665143966,198.10112003656104,-88.57930935872719
1751880208765100479,198.3186493337853,-88.876535307616
1751880208865122556,198.55125431437045,-89.17974270507693
1751880208965163946,198.85252384352498,-89.55140103166923
1751880209165181159,199.23632816469762,-89.9948366987519
1751880209265161991,199.65652469923953,-90.4464281941764
1751880209365274429,199.98001102672424,-90.77301205554977
1751880209565159797,200.37240604666295,-90.97768582263961
1751880209765224218,201.1324615883641,-90.88897885475308
1751880209865190982,201.3943634436,-90.80002773879096
1751880209965259552,201.44862369832117,-90.7602633354254
1751880210165177822,201.44744877133053,-90.75184048479423
1751880210265138626,201.44145206699613,-90.78727902332321
1751880210365197420,201.42562870203983,-90.8126772781834
1751880210565211534,201.41450504539534,-90.81460751453415
1751880210665268182,201.4079742829781,-90.81570614688098
1751880210765151023,201.40176395728486,-90.81676663272083
1751880210965174198,201.39442447840702,-90.81804837053642
1751880211065186262,201.38699344889028,-90.8194903274998
1751880211165208578,201.38053898204817,-90.82068051351234
1751880211365163087,201.37301639799261,-90.82225217157975
1751880211465169668,201.36546329851262,-90.82377041736618
1751880211665151834,201.35792545677396,-90.82535733096302
1751880211765136957,201.35147098713787,-90.82677639648318
1751880211865005254,201.3439331469126,-90.82842434663326
1751880211965134382,201.33752445410937,-90.82995785493404
1751880212265106678,201.3246460374212,-90.83301724446937
1751880212364986896,201.31718448898755,-90.83487881533802
1751880212465102672,201.3118439121754,-90.83622158877552
1751880212564983367,201.30905155360233,-90.8379076840356
1751880212665029287,201.30912784754764,-90.83860196033493
1751880212765120267,201.30929569539148,-90.83839596202597
1751880212965107917,201.3093414711766,-90.83755673095584
1751880213064778566,201.3094482823508,-90.83619107306004
1751880213165006875,201.30950931902044,-90.83489407552406
1751880213265209674,201.30960087128915,-90.83298672689125
1751880213565166473,201.30981449352112,-90.82802761811763
1751880213665188550,201.31002811715007,-90.82444180129096
1751880213865117788,201.31018070486607,-90.82096279971302
1751880213965060949,201.31042484438512,-90.81646908633411
1751880227965493202,210.15609745244728,-86.88360775727779
1751880228065130472,210.34451297938358,-86.91651333635673
1751880228165167808,210.55029300914612,-86.95810116548091
1751880228265282869,210.68638615007512,-86.98788632359356
1751880228465133666,210.90109257085714,-87.03507412830368
1751880228565155506,211.15385441022227,-87.09273709217086
1751880228665497541,211.52473453839775,-87.18782223621383
1751880228864961862,211.85958866454894,-87.29599941987544
1751880228965501785,212.109161417,-87.39434994431213
1751880229065314054,212.36407474870794,-87.50927151413634
1751880229265199899,212.58227543026442,-87.62667263811454
1751880229365351438,212.742279092432,-87.72924221633002
1751880229465124130,212.90116886480246,-87.85002316394821
1751880229665104150,213.0328674716875,-87.96906460635364
1751880229765210151,213.12544254562818,-88.06867398135364
1751880229865133762,213.21911625080975,-88.18165005557239
1751880230065244674,213.2891693514539,-88.27492703404278
1751880230165197134,213.35662845877232,-88.37857998674735
1751880230365204334,213.45016483520158,-88.54604519763961
1751880230565336465,213.49424747831654,-88.63737667771056
1751880230665531396,213.52496341912774,-88.71128262486309
1751880230864710807,213.577056925511,-88.85133541934192
1751880231065131187,213.6014862464508,-88.92782772704959
1751880231164900541,213.6201477458235,-88.99138058442622
1751880231265308618,213.64053348847665,-89.06378353992477
1751880231365277767,213.65730289602652,-89.12516964739189
1751880231565230846,213.68862919020467,-89.25863827299327
1751880231665218114,213.71669010462938,-89.3919085408561
1751880231764949083,213.76080326369265,-89.6226977254264
1751880231965169191,213.81092838651966,-89.89439571928233
1751880232065248727,213.8368835854344,-90.03589047212154
1751880232164966583,213.88690189574845,-90.30839718878269
1751880232265055894,213.9552154946141,-90.68293942278251
1751880232465256214,214.0455475258059,-91.16884793294594
1751880232565180301,214.14117435691878,-91.68271817360073
1751880232765237808,214.33645633864217,-92.72249020589516
1751880232865248680,214.4810638828203,-93.4882601602003
1751880233065200805,214.59364322933834,-94.18624294968322
1751880233165178537,214.6432800689945,-94.71582211134955
1751880233365212440,214.63047794590238,-95.606080904603
1751880233465145349,214.59516910847742,-95.91983212623745
1751880233665301322,214.53370670543518,-96.25383175490424
1751880233765129327,214.47044376621488,-96.49920834368095
1751880233865189552,214.3771210113773,-96.75639523286372
1751880233965085506,214.27040104271146,-96.97602261509746
1751880234065076589,214.1369781907415,-97.19146908540279
1751880234265314102,213.99646000185749,-97.37688626209274
1751880234365188121,213.87561039306456,-97.51695431768894
1751880234465202093,213.73838810191955,-97.66439236700535
1751880234665188074,213.5813293865649,-97.8272341596894
1751880234764988183,213.39694217889337,-98.01860226644203
1751880234865118026,213.18188480706885,-98.2411822215654
1751880235065091371,212.9567261141492,-98.4740160824731
1751880235165006637,212.7011261403095,-98.73948086472228
1751880235265091419,212.3570251868805,-99.09077633498237
1751880235365158081,212.12725834047887,-99.312456025742
1751880235565164566,211.82958988385508,-99.56663693627343
1751880235665112257,211.59130863531027,-99.7419222695753
1751880235865233898,211.1705475250492,-100.02290524169803
1751880236065156936,210.95938114495948,-100.15857876650989
1751880236165178775,210.79371647146763,-100.25837124558166
1751880236264920473,210.615783731977,-100.3558672782965
1751880236465416908,210.4517975251656,-100.4338549519889
1751880236565098762,210.32119755086023,-100.48626126209274
1751880236665208101,210.1778107091668,-100.53602780168876
1751880236865276336,210.043594401679,-100.57791317626834
1751880236965116500,209.9364166664891,-100.60761441197246
1751880237065073966,209.81832889845828,-100.63701809756458
1751880237165169477,209.7382507736911,-100.65599240269512
1751880237265230178,209.6547241618391,-100.67537869233638
1751880237465317726,209.48213199921884,-100.71492184372619
1751880237565215826,209.33085636392934,-100.7475222479552
1751880237765127897,209.06282047450077,-100.80396450823173
1751880237965299367,208.92320255551022,-100.82982052629814
1751880238065174818,208.811065713875,-100.84903134452179
1751880238265437364,208.60623172996566,-100.88105190964416
1751880238465269804,208.49714664777275,-100.89735592668876
1751880238565222024,208.40957645699382,-100.91037930361927
1751880238665191650,208.31390384945553,-100.92409695312381
1751880238865073204,208.22482303803554,-100.9357241508551
1751880238965014934,208.15324406028958,-100.94371212739497
1751880239065121650,208.0742035319563,-100.95161618059501
1751880239265200138,208.0000305576832,-100.9582384955138
1751880239365063667,207.94024662382435,-100.96231259265915
1751880239465051889,207.874008220213,-100.96573819080368
1751880239665277957,207.80787662876537,-100.96883572172374
1751880239765140771,207.71005253103795,-100.97255886718631
1751880239864965677,207.52946476265788,-100.97898282157257
1751880240065291166,207.27058414753992,-100.98834408633411
1751880240165214300,206.97724918532185,-100.99898709077388
1751880240265022516,206.53308109554928,-101.0136736757122
1751880240465270042,205.9738006987609,-101.03402890218422
1751880240565202236,205.39067081618123,-101.05404080217704
1751880240665035724,204.61402897245716,-101.07869137683883
1751880240865217685,203.7955627849442,-101.10241879243404
1751880240965224504,203.1127930097282,-101.1205386063084
1751880241065140485,202.32664493913762,-101.12508572544903
1751880241264987230,201.5319061683258,-101.1054324018769
1751880241365028142,200.85006717953365,-101.08690060675144
1751880241465086698,200.0543671051273,-101.0652865297161
1751880241665241003,199.25849918555468,-101.04370297165588
1751880241765337228,198.5770874436712,-101.0251101362519
1751880241865200281,197.78140262782108,-101.0031145918183
1751880242065155506,196.98684696503915,-100.98097409075126
1751880242165431499,196.30593876045896,-100.96155728260055
1751880242264896154,195.51219181437045,-100.93854702543467
1751880242365177631,194.94445804751012,-100.92358578601852
1751880242565190315,194.15104679460637,-100.92214382765815
1751880242665280103,193.47137455362827,-100.92376126116142
1751880242865216016,192.33967594394926,-100.92727841483429
1751880242965072393,191.54676822945476,-100.92953671328723
1751880243064977407,190.98301700747106,-100.93181027425453
1751880243265100002,190.19358829653356,-100.93470943998545
1751880243365161418,189.51663212181302,-100.93730343692005
1751880243465132951,188.72770695015788,-100.9402865297161
1751880243664951324,187.94039921090007,-100.94343747012317
1751880243765283584,187.26567081781104,-100.94035519193858
1751880243865155935,186.47846988908714,-100.92496670456603
1751880244064987659,185.6922913012677,-100.90899838227779
1751880244165176153,185.13018802832812,-100.89740170212463
1751880244265023708,184.45588688203134,-100.88405789062381
1751880244365144014,183.67053226777352,-100.86792172212154
1751880244465191364,183.1091156413895,-100.85616482747719
1751880244665286302,182.32325748808216,-100.84060849249363
1751880244765279769,181.65083317126846,-100.82699765264988
1751880244865098714,180.86322025663685,-100.81062496872619
1751880245065106630,180.07234196003992,-100.79476345516741
1751880245165131568,179.39506534836255,-100.781450166367
1751880245265005350,178.6047821455868,-100.76569546712562
1751880245465199470,177.81187442946248,-100.74958981759846
1751880245565094232,177.13249210687354,-100.73558987211436
1751880245665209054,176.33815006620716,-100.71930111618713
1751880245864960908,175.54316715407185,-100.70278347982094
1751880245965075254,174.97538761328906,-100.69072903785855
1751880246065013647,174.40536503179464,-100.67868984863162
1751880246165097475,173.7186432290473,-100.6642397758551
1751880246265151500,172.92771915672347,-100.64721859479323
1751880246465090274,172.1339722079574,-100.62841976759955
1751880246565211534,171.46002201375086,-100.61269558640197
1751880246664987564,170.66963199863676,-100.59469784423709
1751880246865062952,169.87855533789843,-100.5891817943193
1751880246965010404,169.20066837623017,-100.58681668154895
1751880247065066337,168.4133758955868,-100.58486355561763
1751880247265054941,167.62721256527584,-100.58368862839416
1751880247365144491,166.9536743571516,-100.58271969622001
1751880247464979887,166.16665653395467,-100.58149899030104
1751880247665187597,165.37753299891483,-100.58119381638244
1751880247765142440,164.7073975020321,-100.58121670642868
1751880247865146160,163.92108158324845,-100.58078183280304
1751880248065466165,163.13467411271995,-100.5807589427568
1751880248165116786,162.4582367357798,-100.58024014160037
1751880248265200376,161.67582706781104,-100.57882107514888
1751880248465306997,160.8815155447228,-100.57714261068031
1751880248565137624,160.21469120390248,-100.575639619492
1751880248665002584,159.41888431779807,-100.57325161900371
1751880248765159606,158.85539249749854,-100.57167233200744
1751880248865319490,158.29856876598205,-100.56937588658184
1751880249065138578,157.5015869558556,-100.56656063674018
1751880249165278673,156.82110599812586,-100.56452358840033
1751880249365196943,155.69987491774373,-100.56041897740215
1751880249465117692,154.9046173505485,-100.55755032785237
1751880249665334463,154.10928348824382,-100.55475796526298
1751880249765249967,153.42726139433216,-100.5525607005693
1751880249865001678,152.63285831612302,-100.55014981422573
1751880250065189361,151.4981842453126,-100.54748715320602
1751880250265420913,150.59100345958723,-100.54501522798091
1751880250364990234,149.7977295324672,-100.54292477527633
1751880250465212821,149.22967533400515,-100.54157436871901
1751880250665391921,148.43527225748403,-100.539865385741
1751880250765242576,147.75645450822776,-100.53827847586945
1751880250865107536,146.9620666920673,-100.5364245288074
1751880250965245723,146.394180339179,-100.53553189057857
1751880251065369606,145.8285675465595,-100.53406704682857
1751880251265214204,145.14642338000704,-100.53273953311145
1751880251365278244,144.35249332583044,-100.53151120059192
1751880251465441703,143.55879215558525,-100.53009213227779
1751880251665250778,142.8789520674618,-100.52845181478187
1751880251765077590,142.0836487217457,-100.52725399611518
1751880251965563297,140.72346500627464,-100.52557553024963
1751880252165148258,140.04092411196325,-100.52443112013862
1751880252265182971,139.47387699305546,-100.52403439069167
1751880252365013360,138.74497989902738,-100.5234393030405
1751880252465073585,138.11016849719454,-100.5237597366795
1751880252665695905,137.63610844011419,-100.52424801653251
1751880252765021800,137.1523437903379,-100.52277554245666
1751880252865439891,136.73744205688126,-100.52018917910755
1751880253065174341,136.42457584722433,-100.50740231294185
1751880253165039777,136.19021610624623,-100.4908846737817
1751880253265161037,135.93545536266174,-100.47268093889579
1751880253365187644,135.70362858159933,-100.45581234851852
1751880253465032100,135.45806888927473,-100.43736447067931
1751880253664934635,135.23585514276056,-100.4208163144067
1751880253765161514,135.06140140717616,-100.40841091936454
1751880253964917659,134.79856876598205,-100.38765896903351
1751880254065172910,134.63121036684606,-100.37167538329959
1751880254265239000,134.49678043590393,-100.35917843785137
1751880254365138769,134.34947208705125,-100.3454073802568
1751880254465041875,134.21127323328983,-100.33252896228805
1751880254665359258,134.09956363937818,-100.32207669131458
1751880254765144348,133.9769897875958,-100.30910672200844
1751880254865025758,133.86184696480632,-100.29458035342395
1751880255065140008,133.76815799972974,-100.28200711263344
1751880255165348052,133.63607792119728,-100.2614458934404
1751880255265156745,133.4666748465388,-100.22986782714725
1751880255365007638,133.35820011398755,-100.20436275936663
1751880255565577507,133.23754886881215,-100.16997708007693
1751880255665321826,133.12850956176408,-100.13180722109973
1751880255765212297,133.03077701758593,-100.09073819033802
1751880255864958524,132.92587284441106,-100.04123105015606
1751880256065548181,132.82789615984075,-99.99103725934401
1751880256165237903,132.74865726649296,-99.9476183783263
1751880256265207529,132.6158295084606,-99.8726137992926
1751880256465279579,132.41580204229103,-99.75428189104423
1751880256565249443,132.18704227590933,-99.6151675102301
1751880256664909601,131.91854862391483,-99.44860256975517
1751880256865164518,131.71321110066492,-99.32225979771465
1751880256965247392,131.55511478660628,-99.22635830845684
1751880257065187692,131.38168338994728,-99.1200961000286
1751880257165204763,131.22537235624623,-99.02059353375807
1751880257265106678,131.0615234792349,-98.90822018543258
1751880257365444660,130.9529114178149,-98.83024777378887
1751880257565080881,130.83152775047347,-98.74022854538634
1751880257665198564,130.72116092935903,-98.65263546863571
1751880257764884948,130.62124637758825,-98.56713284226134
1751880257865480899,130.50939945538994,-98.46574581693858
1751880258065318346,130.36044315691106,-98.3155306703411
1751880258165151596,130.24029545130907,-98.18027676315978
1751880258264912128,130.11808780871797,-98.03008450660855
1751880258465234518,130.02386478777044,-97.9064272781834
1751880258565060377,129.92242435610387,-97.77153958193958
1751880258665127992,129.82312015688512,-97.63998593203723
1751880258865375518,129.70561222266406,-97.48439206182957
1751880258965116739,129.521667520341,-97.23982418794185
1751880259165086984,129.17616276070476,-96.78261745767668
1751880259365515708,129.0087280686712,-96.55404080217704
1751880259465312957,128.92179874586873,-96.43420590180904
1751880259565134286,128.78555301827146,-96.23884762451053
1751880259665222644,128.66844181215856,-96.05935849016532
1751880259765080928,128.59616093017394,-95.93906582705677
1751880259965201377,128.52272037795046,-95.8025225540623
1751880260065096378,128.47294620831963,-95.69542111223564
1751880260165192604,128.41539005562663,-95.55365933431312
1751880260265489578,128.3557587080286,-95.38898648088798
1751880260464840412,128.28855900024064,-95.18438901053742
1751880260565050840,128.2238006995758,-94.97297848761082
1751880260665613412,128.1669617111329,-94.78115261811763
1751880260865305423,128.06799320451682,-94.44301785575226
1751880261065616607,128.02706913178554,-94.29250516183674
1751880261165495157,127.98813633254031,-94.12953366106376
1751880261265072584,127.9594116625376,-93.97978390613571
1751880261465069055,127.9391708781477,-93.84126461762935
1751880261565009117,127.92377476079855,-93.70762814208865
1751880261665320873,127.90254978497978,-93.47810543887317
1751880261865077733,127.87837986182421,-93.16710079833865
1751880261965054273,127.85724643943831,-92.90650357119739
1751880262165239334,127.82815555937123,-92.52809323277324
1751880262265358686,127.8097305711126,-92.28593625174835
1751880262465129375,127.7901764314156,-92.01786984270439
1751880262565091133,127.76902012189385,-91.7363756983541
1751880262665151119,127.74646763177589,-91.45403470098972
1751880262765246868,127.7276382856071,-91.10614956589416
1751880262865193128,127.71370701049455,-90.79834164585918
1751880263065239667,127.7033462934196,-90.560785186477
1751880263165004968,127.69707493204623,-90.37850369140506
1751880263265172243,127.68986515351571,-90.17637814255431
1751880263365338563,127.6859970492078,-89.9913271786645
1751880263465093374,127.68329624441685,-89.79252041922882
1751880263665102958,127.68025974492775,-89.60858334600925
1751880263765175580,127.67794040869921,-89.46078671328723
1751880263865206480,127.67555240809452,-89.2370776059106
1751880263965188980,127.67337040265556,-89.02390469331294
1751880264165245532,127.67060856206808,-88.71491421526298
1751880264265371799,127.6666183869238,-88.42453946126625
1751880264365108966,127.66368870076258,-88.1601733113639
1751880264464953184,127.6661529946141,-87.88596524205059
1751880264665268898,127.66866306611337,-87.60298336762935
1751880264765160799,127.67081455513835,-87.27151669282466
1751880264865067958,127.68356327328365,-86.77945889299735
1751880265065455198,127.70136265002657,-86.25738705415279
1751880265165147066,127.74751285824459,-85.56408108817413
1751880265264915943,127.80425266583916,-84.8618029449135
1751880265465261220,127.855148357281,-84.23416317626834
1751880265565115928,127.89270023687277,-83.7575854184106
1751880265665112495,127.90747837349772,-83.26306332694367
1751880265865093469,127.89628605090547,-82.8896273500286
1751880265965145111,127.87541202700231,-82.51067532226443
1751880266065195560,127.85890201845905,-82.17346371198073
1751880266265598535,127.84519199549686,-81.8712481376715
1751880266365389585,127.83399204455782,-81.63709438918158
1751880266465194940,127.82221988821402,-81.38841428095475
1751880266665291309,127.81336979282787,-81.19347561802715
1751880266765193700,127.80348972626962,-80.98371304385364
1751880266865258455,127.79495243378915,-80.79846371849999
1751880267065092325,127.79605869483203,-80.74479092564434
1751880267165086507,127.79660801199498,-80.75003231782466
1751880267265121459,127.79660038207658,-80.75178707763553
1751880267364964008,127.79660038161092,-80.75158871430904
1751880267465199470,127.79660038184375,-80.75152004836127
1751880267665239572,127.79660038289148,-80.75152767868713
1751880267765109300,127.79660038289148,-80.75152767868713
1751880267865177392,127.79660038289148,-80.75152767868713
1751880268065392732,127.79660801112186,-80.75149716157466
1751880268165099620,127.7965698649059,-80.75084866443649
1751880268265055418,127.79647068196209,-80.74920834414661
1751880268465561389,127.79631809389684,-80.74660671921447
1751880268565011739,127.79613498866092,-80.74361599609256
1751880268665262222,127.79588321916526,-80.73924435675144
1751880268865145206,127.79557041428052,-80.73392666783184
1751880268965057373,127.79525760922115,-80.72862423630431
1751880269065250635,127.79484562238213,-80.72156704589725
1751880269265329599,127.7943802284426,-80.7135867010802
1751880269365205526,127.79393772402545,-80.70599545398727
1751880269465076684,127.79338077735156,-80.69630612246692
1751880269665319442,127.7927627969766,-80.68570126453415
1751880269765287160,127.792190592736,-80.67590512242168
1751880269965132951,127.79110721847974,-80.65818966878578
1751880270065124273,127.79035190830473,-80.64511288609356
1751880270265296220,127.78968052269192,-80.6336001297459
1751880270365102291,127.788993876311,-80.62181271566078
1751880270465212821,127.78830723138526,-80.60973538272083
1751880270665279626,127.78711704554735,-80.58889950951561
