X,Y,Yaw
360951.8674756916,4065816.034044224,0.0
360951.9879891438,4065815.7546619317,-1.1635537549136357
360951.9461365199,4065815.378046852,-1.6814706068713359
360951.9214228104,4065814.9567654505,-1.6293923581412046
360951.907082079,4065814.624090822,-1.613877034553144
360951.8836308323,4065814.280467374,-1.6389375989379331
360951.86910974886,4065813.936698751,-1.6130120937661243
360951.8454781482,4065813.58198131,-1.6373189417221847
360951.8307767116,4065813.227118695,-1.6122011799619134
360951.82536614314,4065812.894298892,-1.5870516452141608
360951.8376355517,4065812.5500947437,-1.5351656814344725
360951.85026566766,4065812.2280785814,-1.5315944269077304
360951.8519817464,4065811.7841736707,-1.5669304759459628
360951.8649725701,4065811.4843454957,-1.5274958473412676
360951.87579916895,4065811.051389402,-1.5457953089417595
360951.8782366613,4065810.651860463,-1.5646954868089369
360951.8899650259,4065810.274374336,-1.5397366612214634
360951.89312392817,4065809.919221371,-1.5619020775662387
360951.9055737043,4065809.5861112177,-1.5334393622705265
360951.9180234822,4065809.2530010655,-1.533439356756796
360951.9310143176,4065808.9531728933,-1.5274958079899077
360951.9425623383,4065808.5645927726,-1.541086565043325
360951.9471640638,4065808.1982006417,-1.5582374229189881
360951.94761769706,4065807.776628894,-1.5697202748927759
360951.94184643927,4065807.4216211056,-1.5870516024839674
360951.9444642981,4065807.033186162,-1.5640569249362135
360951.9558319757,4065806.6335120504,-1.542361626145229
360951.957548079,4065806.1896071425,-1.5669304204559849
360951.96837470715,4065805.756651051,-1.545795241225095
360951.9722550325,4065805.4458740624,-1.558311091807083
360951.95611079485,4065805.002259503,-1.6071727616158449
360951.96017147345,4065804.547405776,-1.5618691256356863
360951.94420758786,4065804.1147400374,-1.6076761762518148
360951.9437594785,4065803.6930231173,-1.5718589096774584
360951.918865418,4065803.2606477276,-1.6283079443276363
360951.9120120582,4065802.839075982,-1.5870515816663862
360951.91625309375,4065802.4061198942,-1.5610011072948171
360951.889014462,4065801.9738896796,-1.633731906654796
360951.873050575,4065801.5413691183,-1.6076885471277127
360951.85032073123,4065801.2421216485,-1.6466074334471879
360951.8363407102,4065800.9316350124,-1.615792096083796
360951.82236069016,4065800.621148376,-1.6157920926487284
360951.79070066573,4065800.322046084,-1.6762537957778483
360951.78565082187,4065800.0114142713,-1.5870515810032184
360951.7961167642,4065799.5562701975,-1.5478055885830369
360951.80694341334,4065799.1233141124,-1.5457951923454154
360951.8354500725,4065798.678973682,-1.5067291304080586
360951.89110797795,4065798.2563857143,-1.439842798968185
360951.9648066022,4065797.8446013904,-1.3936975158674045
360952.0497799788,4065797.43194602,-1.3677164286064771
360952.23740676104,4065797.0300942967,-1.133973057835802
360952.40022688056,4065796.60576424,-1.2044105529994675
360952.5118104801,4065796.3265271457,-1.1906334147042175
360952.6232137384,4065796.0361960586,-1.2044104921632044
360952.72586717166,4065795.622814831,-1.3273935243230317
360952.92440807377,4065795.3321934007,-0.9714620909439481
360953.0808229758,4065795.063324438,-1.0439029755429081
360953.2372378867,4065794.7944554794,-1.043902944020227
360953.5084827536,4065794.4460413205,-0.9092953734115746
360953.7100896577,4065794.2097284854,-0.8644846706204394
360953.9125983153,4065793.9382464327,-0.9299002591949754
360954.2390474736,4065793.7794463886,-0.4527461214611797
360954.6194384546,4065793.5513241244,-0.5402023492601088
360954.9830511677,4065793.3900561803,-0.4174485063647002
360954.66535181005,4065793.628256217,2.4982416032404497
360955.0389767877,4065793.5334070604,-0.24861010181952223
360955.4133231576,4065793.482933894,-0.13402188656842773
360955.7967800626,4065793.443409566,-0.10271099997679818
360956.1802369704,4065793.4038852537,-0.1027109583788985
360956.58155425085,4065793.3640706223,-0.09888627522427278
360956.97394134855,4065793.324401176,-0.10075539867210932
360957.38436916296,4065793.295535404,-0.07021531623480756
360957.80354682147,4065793.2554304907,-0.09538488012468327
360958.2225441402,4065793.204231604,-0.12159104782921977
360958.6597625164,4065793.1749303886,-0.06691728382198785
360959.0966202124,4065793.1234412105,-0.11732132479985814
360959.5338385937,4065793.0941400398,-0.06691718126118866
360959.837104202,4065793.067016388,-0.08920125876099978
360960.2830724326,4065793.0264760973,-0.09065482577740189
360960.5861577047,4065792.9882584787,-0.1254332664514312
360961.03230628045,4065792.958812221,-0.06590542584107666
360961.46952467354,4065792.929511149,-0.0669169546761666
360961.9158535912,4065792.9111589286,-0.041095002672337524
360962.32628143136,4065792.8822933957,-0.0702147315464936
360962.7729710251,4065792.886129207,0.008586985355436947
360963.2105500952,4065792.8790162113,-0.016253906558741232
360963.6304491316,4065792.8832875555,0.010171961813189856
360964.0412376456,4065792.8766100905,-0.016253806467732043
360964.4520261594,4065792.8699326436,-0.016253762279035223
360964.84495430376,4065792.8635455403,-0.016253711971331512
360965.24699296616,4065792.868107287,0.011346051100558521
360965.63099092373,4065792.8618653812,-0.016253618472226065
360966.0058783627,4065792.8446746585,-0.045823591057842665
360966.4079170228,4065792.8492364595,0.011346185504325179
360966.782984794,4065792.8431397644,-0.016253484508005275
360967.157872235,4065792.8259490924,-0.045823455700414864
360967.51525996794,4065792.8312367396,0.0147941884643582
360967.88175821444,4065792.8474732377,0.04427275853639668
360968.2300354291,4065792.8418120793,-0.0162533166285535
360968.5786733023,4065792.8583389213,0.047368575155782786
360968.91820066015,4065792.8639169415,0.016427301746515563
360969.24004797544,4065792.880879282,0.05265435174618475
360969.55296510446,4065792.8979867897,0.05461667723374101
360969.9553644078,4065792.9247367447,0.06637848418459773
360970.34865319513,4065792.9405378792,0.04015532927891555
360970.72426193825,4065792.967723336,0.0722510755793738
360971.09021918825,4065792.950677991,-0.04654378291635131
360971.48332764435,4065792.955385186,0.011973718277422054
360971.8048142963,4065792.9501596363,-0.01625289663165865
360972.1798820574,4065792.944063178,-0.016252854409043206
360972.5638800025,4065792.9378215824,-0.016252810367213665
360972.992528871,4065792.93085424,-0.016252764161053094
360973.3047246903,4065792.9035859136,-0.08712256153511401
360973.6442520347,4065792.909164123,0.016427859072325187
360973.97448854917,4065792.892699509,-0.049815787388935946
360974.2959752008,4065792.8874740535,-0.016252604137213165
360974.62639203644,4065792.8821034594,-0.016252565347612147
360974.94787868764,4065792.8768780287,-0.0162525274095837
360975.2513246484,4065792.860848918,-0.052774558804675846
360975.56406143575,4065792.8668626533,0.019227012534336074
360976.0103903535,4065792.84851117,-0.04109335388812511
360976.32312713953,4065792.8545249323,0.01922709894599912
360976.751595688,4065792.8364637867,-0.042127852245930304
360977.18917473964,4065792.829351506,-0.016252273100864967
360977.60889342264,4065792.822529544,-0.016252222500748544
360978.0287924212,4065792.8268015943,0.010173643775496942
360978.43940060236,4065792.8090308285,-0.043252140868915
360978.8501890991,4065792.8023540745,-0.01625207663344178
360979.2429369105,4065792.78487364,-0.04447868292473419
360979.66265559266,4065792.778051779,-0.016251981842959798
360980.07326377474,4065792.760281091,-0.04325195173415912
360980.51066251274,4065792.7420749883,-0.04159957024812275
360980.94806125027,4065792.723868907,-0.04159952140476477
360981.38545998867,4065792.705662849,-0.04159946818313181
360981.83178891346,4065792.6873116703,-0.04109267206448993
360982.286867713,4065792.657721379,-0.06493094225433485
360982.732836018,4065792.6171822613,-0.09065220204949039
360983.0364623005,4065792.61224742,-0.01625158006697822
360983.4826109198,4065792.5828023343,-0.06590280373884068
360983.8040975725,4065792.577577237,-0.016251490508004375
360984.1166540396,4065792.5724972924,-0.016251455094277948
360984.4292105078,4065792.5674173594,-0.016251417800447667
360984.7596273443,4065792.5620471565,-0.01625138179302153
360985.0987940583,4065792.545437834,-0.04893187750978253
360985.4202807107,4065792.540212798,-0.016251300827207896
360985.7506975485,4065792.5348426336,-0.016251264787823804
360986.0546844441,4065792.552095885,0.056695736711677935
360986.37653170765,4065792.5690588676,0.05265634986105472
360986.68944878527,4065792.5861670035,0.0546186876916178
360986.9932553702,4065792.592326294,0.02027094642929627
360987.42244514957,4065792.6186416536,0.06123737817281831
360987.8423441313,4065792.622914187,0.010174795189369836
360988.23581316706,4065792.649810136,0.06824977962367702
360988.61070061557,4065792.632620406,-0.04582094721471529
360988.9682686054,4065792.649002941,0.04578454083586874
360989.3076156189,4065792.6434877776,-0.016250851106847264
360989.68286367296,4065792.648486081,0.0133192107412605
360990.12080331764,4065792.663562447,0.03441208029615012
360990.43354007707,4065792.669576726,0.01922875274674417
360990.7462768343,4065792.6755910167,0.019228790093648435
360991.0500834066,4065792.6817504507,0.020271419162790905
360991.49677292956,4065792.6855877624,0.008590345312813013
360991.80075980024,4065792.702841217,0.05669640861567049
360992.23851913493,4065792.706823699,0.009097172429520833
360992.5512558877,4065792.7128380546,0.019228997258401277
360992.8639926383,4065792.7188524227,0.01922903758218284
360993.1945897582,4065792.724576538,0.0173127442535203
360993.52500657877,4065792.7192066736,-0.016250358276080276
360993.85560369695,4065792.724930816,0.017312826013091573
360994.1949507018,4065792.719415846,-0.01625028219807654
360994.5255478171,4065792.7251400133,0.017312902201120424
360994.83810426865,4065792.720060461,-0.016250200292859472
360995.1774512712,4065792.714545531,-0.016250164326361397
360995.52590875444,4065792.7199794776,0.01559302419688413
360995.8650754636,4065792.703370582,-0.04893062358581626
360996.2135329442,4065792.708804556,0.015593104475606431
360996.552879947,4065792.703289681,-0.01625000243512401
360996.8832967646,4065792.6979199466,-0.01624996532992916
360997.231573952,4065792.6922599706,-0.016249924046065033
360997.57092095295,4065792.686745135,-0.016249885915762617
360997.9013377713,4065792.68137544,-0.0162498455297367
360998.2403241914,4065792.653672647,-0.08154122344343127
360998.5619911157,4065792.6595420977,0.018244957080028226
360998.874547564,4065792.6544626914,-0.016249734260291488
360999.25818490784,4065792.626034309,-0.07396703871565846
360999.5886017266,4065792.6206646794,-0.016249648260597063
360999.9281290176,4065792.6262439317,0.016430932985502127
361000.2496156506,4065792.621019451,-0.01624957424461357
361000.5803930429,4065792.637837846,0.05080130817671337
361000.955641068,4065792.642836642,0.01332052445238992
361001.2594476176,4065792.648996438,0.02027261114296644
361001.57218435116,4065792.655011124,0.01923005522987852
361001.87599089893,4065792.6611709436,0.0202726894017714
361002.188907915,4065792.678279644,0.05462049664788395
361002.5284351974,4065792.683858998,0.016431233679495706
361002.8949333155,4065792.7000969937,0.04427685217396672
361003.1991004287,4065792.7284448454,0.09292983977885597
361003.5296975219,4065792.73416936,0.01731395241468844
361003.8960153504,4065792.739313404,0.014041648552097585
361004.3073446637,4065792.7659198516,0.06459406656401241
361004.7542144273,4065792.780851846,0.0334022170302365
361005.07606161316,4065792.797815532,0.05265854122671056
361005.4245190683,4065792.803249881,0.015594181114262681
361005.7819067044,4065792.8085391265,0.014798663248128275
361006.1482245254,4065792.813683269,0.014041917011324484
361006.52347252716,4065792.8186823092,0.013321175419482122
361006.8899706241,4065792.834920474,0.04427731503639069
361007.2025270583,4065792.8298413726,-0.016248759403337962
361007.5331241378,4065792.8355660425,0.017314423444367285
361007.83675038675,4065792.8306320813,-0.016248683997647718
361008.2119983847,4065792.835631195,0.013321371590010135
361008.5249153726,4065792.8527401267,0.05462123895215141
361008.909093551,4065792.8575941557,0.01263416571964733
361009.21271979774,4065792.852660244,-0.016248521590305712
361009.5613575153,4065792.8691887534,0.04737336854327222
361009.92785559845,4065792.885427049,0.04427767303137039
361010.3300744145,4065792.9010849064,0.03890905783172051
361010.7501535956,4065792.916452553,0.036566431764052006
361011.1970233248,4065792.9313848848,0.03340297320354358
361011.6794335112,4065792.9346427973,0.006753304857753354
361012.1798843362,4065792.948704504,0.02809068758596956
361012.7065848933,4065792.9290489326,-0.037300994254987965
361013.2602562731,4065792.9200520515,-0.016248066395663
361013.7958870145,4065792.900251435,-0.03695009034673453
361014.27775638597,4065792.870227518,-0.062226728505657206
361014.6799751842,4065792.8858855795,0.03890956587199641
361015.0014617925,4065792.880661654,-0.01624784938333413
361015.34973894956,4065792.875002415,-0.016247809484319097
361015.71605674195,4065792.880146966,0.014043032724777577
361016.028613165,4065792.8750681872,-0.01624772778970297
361016.41261105554,4065792.8688285607,-0.016247686876098042
361016.8593004958,4065792.872667195,0.008593307304553547
361017.18096736725,4065792.878537344,0.01824713083044161
361017.52031433897,4065792.8730233004,-0.016247553771781033
361017.8600218413,4065792.8896972546,0.04904390776469565
361018.2082989946,4065792.8840381317,-0.016247476825141393
361018.56568659644,4065792.889327911,0.014800158831483785
361018.90503356606,4065792.8838139228,-0.016247391991972965
361019.2354503526,4065792.8784450516,-0.01624735467549668
361019.5480067707,4065792.873366402,-0.016247315468126407
361019.86949337285,4065792.86814266,-0.016247279151525733
361020.17311960785,4065792.863209136,-0.016247245012727892
361020.47692610597,4065792.869369616,0.020274865269072555
361020.8432438855,4065792.874514385,0.014043629290689155
361021.2093814028,4065792.86856518,-0.016247124355991283
361021.5844491027,4065792.862470888,-0.01624708170503922
361021.9061159631,4065792.8683412145,0.01824768282569314
361022.22760256287,4065792.8631175607,-0.016247004136877238
361022.5397984609,4065792.835851037,-0.08711680952219886
361022.9504066354,4065792.81808241,-0.04324694248849198
361023.3251138198,4065792.7898002095,-0.07533529391860744
361023.6376702369,4065792.7847217093,-0.01624683740787405
361023.950226655,4065792.7796432204,-0.01624680160652759
361024.3163641724,4065792.773694148,-0.0162467619801687
361024.71840268,4065792.7782586887,0.011353004075746465
361025.1381212972,4065792.771439059,-0.016246669228337344
361025.5849909745,4065792.7863721405,0.03340465290921593
361025.89772764425,4065792.792387714,0.019232896117722092
361026.2372548638,4065792.7979680086,0.016434005030316327
361026.6032121235,4065792.7809250415,-0.046537297359508026
361026.9875705115,4065792.7968738745,0.0414709013533612
361027.389969517,4065792.823626524,0.06638519934460214
361027.7832580827,4065792.8394302954,0.040162046180020616
361028.1763663953,4065792.844140094,0.011980344585151756
361028.5607247744,4065792.8600889966,0.041471083736403555
361028.94490290014,4065792.8649439244,0.012636506424347063
361029.3203310914,4065792.881037955,0.04284223547068257
361029.7043289641,4065792.8747989256,-0.016246133401712833
361030.0615362878,4065792.8689951925,-0.016246090535669173
361030.43642372714,4065792.851807297,-0.045816064580200544
361030.7938112995,4065792.857097586,0.014801585178129135
361031.1508383743,4065792.8401999073,-0.04729355256296914
361031.498935266,4065792.8234473346,-0.04808907337718812
361031.85596234223,4065792.8065496846,-0.04729347168621389
361032.19530929974,4065792.8010362233,-0.016245839619791074
361032.53447601065,4065792.7844287846,-0.04892633762841079
361032.8736427209,4065792.7678213576,-0.04892630347880252
361033.20369900507,4065792.7402650444,-0.08329655743435253
361033.54322620865,4065792.7458456275,0.01643485590200309
361033.87328249344,4065792.7182893394,-0.08329648161476602
361034.19458884135,4065792.701972144,-0.0507403281887047
361034.5158951899,4065792.685654961,-0.050740290503542736
361034.8197016609,4065792.6918159495,0.02027654016067619
361035.13207782607,4065792.6756438776,-0.051724966575457054
361035.44445399323,4065792.659471817,-0.05172493056700835
361035.74808021943,4065792.6545388466,-0.01624542243509742
361036.1854789503,4065792.636335593,-0.04159306780805101
361036.6321683482,4065792.64017526,0.00859562015343011
361037.060636897,4065792.622117138,-0.042120808108224043
361037.48946592666,4065792.626247021,0.009630307052657225
361037.91793447605,4065792.6081889425,-0.04212070607264455
361038.355513449,4065792.6010797913,-0.01624512664466661
361038.7575519272,4065792.605644991,0.011354643620649254
361039.1862007152,4065792.5986809675,-0.016245026862395765
361039.6153902145,4065792.6249989416,0.06124348737103484
361040.00831826776,4065792.6186152915,-0.016244929315156857
361040.4192869232,4065792.6230354863,0.010755137363377814
361040.81221497664,4065792.6166518745,-0.016244832154911668
361041.17835247994,4065792.6107035233,-0.016244793074616088
361041.5446702178,4065792.615849181,0.014046055849960068
361041.9288483205,4065792.6207046914,0.01263802327416854
361042.33981697063,4065792.6251249793,0.01075536409222732
361042.7593553369,4065792.6072122226,-0.04267043285278928
361043.17014375277,4065792.6005385583,-0.016244560517742847
361043.5809321684,4065792.5938649136,-0.016244512929176065
361044.000470536,4065792.575952219,-0.04267028536374836
361044.4291193178,4065792.5689884583,-0.01624441347433667
361044.86633782217,4065792.539691658,-0.06690721056947702
361045.31284696946,4065792.5324377865,-0.01624431157299535
361045.75024570595,4065792.514235023,-0.04159194923860969
361046.16960384836,4065792.4852284426,-0.06905899888506292
361046.589502676,4065792.4895038586,0.010181662826883538
361047.0094015035,4065792.493779295,0.010181711619965478
361047.4201899189,4065792.4871058343,-0.016244065292661054
361047.8491991532,4065792.5023302287,0.035472449179942425
361048.26034801896,4065792.517844791,0.0377167644041382
361048.7070373888,4065792.5216850885,0.008597032095333607
361049.15408720693,4065792.5477133915,0.05815672201447604
361049.6007765726,4065792.551553734,0.008597133288328004
361049.9045830118,4065792.5577152604,0.020278311887151294
361050.34234219266,4065792.561700714,0.009103962779507122
361050.7890315531,4065792.56554112,0.008597275154903434
361051.09283799026,4065792.5717026866,0.020278445318083253
361051.4055746074,4065792.5777191916,0.019235876228756797
361051.71849144634,4065792.594829701,0.054626291660780535
361052.0408791291,4065792.6450771256,0.1546162576867615
361052.3720167688,4065792.6840855014,0.11726067267179699
361052.7035148467,4065792.7452818737,0.18255030584141332
361053.03537335765,4065792.8286662395,0.2461687180115216
361053.3765224834,4065792.9340935335,0.29972576883094365
361053.70910185657,4065793.0618538912,0.36676833595703434
361054.05972180085,4065793.2004181184,0.3763596981039312
361054.40195220616,4065793.3724094005,0.46569344033971954
361054.708642088,4065793.5560749564,0.5395838511199887
361055.02408192144,4065793.7285014656,0.5002464201961137
361055.32184159476,4065793.912312112,0.5530518192137207
361055.61211280833,4065794.1850197646,0.7542107298200257
361055.8573726667,4065794.4362647757,0.7974521496118324
361056.093341899,4065794.665466876,0.7708515772039976
361056.26734050486,4065794.9289664174,0.987188323012534
361056.4688505015,4065795.2364067324,0.9906033585551083
361056.6526803404,4065795.555231172,1.0477706357260481
361056.80114988063,4065795.896823861,1.160789682709972
361056.92318930395,4065796.261039731,1.2474796088984879
361057.0184381818,4065796.6256907964,1.315299395998852
361057.08725694846,4065797.012965041,1.3949317634116898
361057.1646454575,4065797.3779062387,1.3618343769657923
361057.20631325315,4065797.7434276985,1.4572908176989536
361057.2213707296,4065798.120478343,1.5308826446420363
361057.2451781682,4065798.4862899324,1.5058068298969058
361057.2689856057,4065798.8521015206,1.5058068325839802
361057.28368265106,4065799.206964183,1.5294038324566703
361057.3071296575,4065799.55058779,1.5026673686653267
361057.3100130925,4065799.894356462,1.5624088045716786
361057.33616331784,4065800.238125133,1.4948732939488754
361057.3774706705,4065800.581458609,1.4510592225422234
361057.3828771102,4065800.9142783554,1.5545534076226737
361057.38846376503,4065801.2581920917,1.5545534062330102
361057.39405042026,4065801.602105829,1.5545534050925458
361057.3994568611,4065801.9349255743,1.5545534042551497
361057.396113344,4065802.278984377,1.5805138861343944
361057.4104499589,4065802.611659059,1.5277279770949612
361057.40728665795,4065802.9668118525,1.5797029645285143
361057.4216232729,4065803.2994865347,1.5277279769805272
361057.424506709,4065803.643400272,1.5624123391037283
361057.44172675867,4065803.987168947,1.5207461921803607
361057.44767384627,4065804.353270667,1.554553396898405
361057.45290007524,4065804.674996423,1.5545533955190085
361057.46471368126,4065805.018910162,1.5364593362906611
361057.4611899563,4065805.340490853,1.5817534024269402
361057.46947983827,4065805.6956436485,1.5474588308380741
361057.48363623675,4065806.0172243402,1.5268034347441721
361057.4979728509,4065806.349899022,1.5277279791906937
361057.5031990814,4065806.671624778,1.5545533908162457
361057.5177159089,4065807.0153934537,1.5285929246203476
361057.52934929973,4065807.3480681367,1.535841300289195
361057.5462089196,4065807.6696488285,1.5184169433081518
361057.5696559133,4065808.013272439,1.5026674063269316
361057.57506235875,4065808.3460921873,1.5545533904037774
361057.5868759619,4065808.6897158,1.5364303761592066
361057.61338660616,4065809.0556724584,1.4984806181240462
361057.61627004377,4065809.4217741825,1.5629204338288458
361057.6311472998,4065809.77663685,1.5288968813072954
361057.6397976134,4065810.131644583,1.5464345976579905
361057.64556448965,4065810.4866523156,1.554553387361321
361057.6511511515,4065810.830566057,1.554553386000952
361057.6478076499,4065811.174624863,1.5805138410448658
361057.6530338831,4065811.4963506227,1.554553382684018
361057.6557371072,4065811.818076381,1.5623942624484948
361057.6636665653,4065812.150896131,1.546975750424044
361057.65996263834,4065812.472766955,1.582303314148443
361057.6653690883,4065812.8055867064,1.5545533770996667
361057.6618453767,4065813.1385515216,1.5813787663834595
361057.6649090323,4065813.504653248,1.5624282043796132
361057.68284994556,4065813.881703901,1.5232499516283529
361057.68933768745,4065814.281087603,1.554553372236898
361057.68671505456,4065814.6695223767,1.577548021590421
361057.6930225829,4065815.057812088,1.5545533683908015
361057.69076038385,4065815.468434849,1.576305461687294
361057.6617077106,4065815.8794928025,1.6413567948833747
361057.6144342964,4065816.2686529043,1.6916795429088174
361057.54948078666,4065816.6691971286,1.731560021652626
361057.4573763837,4065817.0479885647,1.8093207667498892
361057.33830130356,4065817.4161212086,1.8836320016932577
361057.2101158629,4065817.7733049286,1.9153584332547524
361057.06388990575,4065818.119684788,1.970254688498832
361056.899263001,4065818.43307281,2.054488923491153
361056.71677579806,4065818.7467509652,2.097700371172484
361056.5158876484,4065819.027437284,2.1919839140597768
361056.3239296677,4065819.30797854,2.1708676633314874
361056.1050010198,4065819.57786101,2.2523292984229277
361055.86803185835,4065819.836939628,2.3116527469086563
361055.62213255954,4065820.096163322,2.3298220885858054
361055.3580125301,4065820.333489171,2.4095775660089305
361055.0847821437,4065820.5598661085,2.449701554196017
361054.8024413999,4065820.775294131,2.489818772247845
361054.5018799249,4065820.9688243154,2.569520791670906
361054.19256852975,4065821.1735935714,2.5568162894883897
361053.87378633587,4065821.345225933,2.6476989232137536
361053.56375408545,4065821.505619245,2.6641663456907465
361053.2530009627,4065821.621636602,2.7842758991307806
361052.95135821996,4065821.748602891,2.7431861797614503
361052.6404248914,4065821.8535262775,2.8161447615277915
361052.3382414991,4065821.9472106146,2.840964384160269
361052.035697666,4065822.0187069783,2.9095326318501438
361051.73279339226,4065822.0680153677,2.980222716738373
361051.2959368436,4065822.1194998454,3.0242816356239044
361050.99249190395,4065822.135526286,3.0888266923457923
361050.68922718824,4065822.1626467286,3.052401632324364
361050.38578225026,4065822.1786731915,3.088826618597745
361050.06447700906,4065822.194989812,3.090853934742456
361049.7340613913,4065822.2003575247,3.1253487469135806
361049.39489584713,4065822.2169643166,3.0926680504078967
361049.03768977296,4065822.222767278,3.1253486657660114
361048.66280362324,4065822.239954393,3.095778509078637
361048.27898732177,4065822.257286604,3.0964657422326605
361047.8769502606,4065822.2527209953,-3.130236953135916
361047.50206411094,4065822.2699081656,3.0957783615668464
361047.13574765617,4065822.2647622884,-3.127545949931317
361046.7874717339,4065822.2704202677,3.125348402269207
361046.4570561141,4065822.2757881074,3.125348362370918
361046.1357508774,4065822.2921048766,3.090853472904741
361045.68924328394,4065822.2993587507,3.1253482802831725
361045.2875666823,4065822.3169812495,3.0977484135585924
361044.9126805356,4065822.3341685315,3.095778063723228
361044.5911950687,4065822.3393913647,3.125348143738859
361044.19826838723,4065822.345774844,3.125348102388701
361043.86803300085,4065822.3622367764,3.0917847954778197
361043.51957684476,4065822.3568008966,-3.125994022816331
361043.1889809902,4065822.3510748693,-3.124274061308401
361042.84963521943,4065822.3565879283,3.1253479424621053
361042.4475981484,4065822.3520225785,-3.1302375973202676
361042.03645068896,4065822.336508335,-3.103876535021464
361041.58958261873,4065822.3215744384,-3.1081860580300633
361041.26791691093,4065822.315703404,-3.123342705687112
361040.9283908979,4065822.310122547,-3.1251569338412795
361040.5618941904,4065822.2938829623,-3.0973113032556245
361040.17771741457,4065822.2890275493,-3.128954839958789
361039.7933603989,4065822.2730781636,-3.100120168714694
361039.4181137718,4065822.268077703,-3.128267645157415
361039.0428671447,4065822.2630772577,-3.128267684862745
361038.67637042666,4065822.2468377533,-3.0973115238984983
361038.3011237968,4065822.241837341,-3.1282677730514945
361037.9349875585,4065822.2477858528,3.1253473657342177
361037.56903156167,4065822.26482837,3.095056422395146
361037.2118254751,4065822.2706318256,3.1253472835530105
361036.899270149,4065822.2757098614,3.1253472444724775
361036.5776044283,4065822.2698390046,-3.123343257793327
361036.273799011,4065822.2636779826,-3.1213159328067968
361035.836221554,4065822.270787284,3.125347128099166
361035.45222500927,4065822.2770260763,3.125347081101445
361035.077158616,4065822.283119798,3.125347034544438
361034.68423191906,4065822.2895037145,3.1253469905042324
361034.2464742138,4065822.2855191045,-3.1324905864022146
361033.79996660183,4065822.2927736007,3.125346888014224
361033.46919047565,4065822.2759539564,-3.090787383957113
361033.1385945936,4065822.2702283193,-3.1242752427594547
361032.7810280074,4065822.2538439753,-3.095802884417684
361032.4236416662,4065822.2485536383,-3.126790883253724
361032.048395019,4065822.2435534997,-3.1282685032127313
361031.6820785237,4065822.2384082866,-3.12754776385949
361031.30665162567,4065822.2223141887,-3.098750092435186
361030.9403351275,4065822.2171690064,-3.1275478478492067
361030.5649082244,4065822.20107494,-3.098750177208188
361030.19877197465,4065822.2070237817,3.12534646602834
361029.814595168,4065822.2021688377,-3.1289560613648235
361029.4305986123,4065822.2084079008,3.125346377188716
361029.05553220946,4065822.2145018866,3.1253463311884087
361028.68921570404,4065822.209356799,-3.1275481061306953
361028.33200960554,4065822.215160625,3.1253462466873176
361027.99266381084,4065822.2206742736,3.12534620681939
361027.66206791333,4065822.214948848,-3.1242758828608905
361027.340582423,4065822.2201723293,3.125346129186323
361027.02802708576,4065822.2252507256,3.1253460922119007
361026.7242216434,4065822.219090043,-3.1213170514045583
361026.3130741147,4065822.2035765545,-3.1038783746865612
361025.89317668823,4065822.1993021774,-3.1314134306858414
361025.49095930724,4065822.18364363,-3.102681743908949
361025.0799920296,4065822.179224191,-3.1308393189583725
361024.6686642327,4065822.1526167896,-3.0769960406857004
361024.23090649367,4065822.148632692,-3.1324917581870526
361023.926920784,4065822.1313781166,-3.084892353569159
361023.605074767,4065822.1144137536,-3.0889318235888945
361023.283048488,4065822.0863554114,-3.0546815479186984
361022.961202467,4065822.069391072,-3.088931896396159
361022.63024602947,4065822.0414778544,-3.0574507266250492
361022.3084000043,4065822.0245135394,-3.088931973541438
361021.98655397724,4065822.0075492375,-3.0889320142450587
361021.66452768614,4065821.9794909544,-3.0546817334326137
361021.3426816551,4065821.9625266776,-3.088932092814159
361021.0208356222,4065821.9455624116,-3.088932126294091
361020.6989895875,4065821.928598157,-3.0889321626692015
361020.3592832446,4065821.911924124,-3.0925483475991857
361020.00189685775,4065821.906634304,-3.126792331115756
361019.63576058217,4065821.912583598,3.1253452325587165
361019.26051388856,4065821.907584021,-3.128270001178386
361018.86758715194,4065821.913968663,3.1253451450468592
361018.47466041625,4065821.9203533237,3.125345098801277
361018.0729837934,4065821.9379771007,3.097745239726555
361017.6621967514,4065821.9446520116,3.1253450049504092
361017.2603398616,4065821.951181835,3.125344957034791
361016.8584829718,4065821.957711678,3.125344908381486
361016.48359681084,4065821.974900207,3.095774745981979
361016.1087106493,4065821.9920887533,3.0957747001902347
361015.7606149488,4065822.0088419877,3.093501519365702
361015.4125192491,4065822.025595238,3.0935014738832964
361015.0735339733,4065822.0532973832,3.060053054236846
361014.75222873426,4065822.069615331,3.0908498145799106
361014.4309234959,4065822.0859332904,3.090849778330998
361014.1274785632,4065822.10196104,3.088822389422268
361013.70812191616,4065822.1309692366,3.072529573325858
361013.3155557284,4065822.15954212,3.0689358944323906
361012.9231698173,4065822.1992090144,3.0408433898389204
361012.55775464163,4065822.2495345813,3.004731998092326
361012.18358959054,4065822.3110992694,2.978514993620451
361011.8185349726,4065822.3836128553,2.9455074027355663
361011.45366063574,4065822.467220446,2.9163404679403198
361011.0711062758,4065822.5622122767,2.8982058071327472
361010.6801626013,4065822.690631216,2.8242123746059242
361010.28957949055,4065822.8412381583,2.7735656172051697
361009.89917667164,4065823.0029391097,2.7489136666710685
361009.508954145,4065823.1757340753,2.724732864506318
361009.1280223421,4065823.3705719267,2.6688056662919775
361008.8801414362,4065823.587452665,2.422797052143195
361008.5267212334,4065823.7465415895,2.718621475525007
361008.3061716416,4065823.9961238652,2.294518471448951
361007.9979430669,4065824.187914316,2.584984489913808
361007.6990052242,4065824.4812921146,2.365581176032326
361007.42721841496,4065824.796422557,2.2824786564378545
361007.25240130996,4065825.144689868,2.036012645195592
361006.99062637344,4065825.4138480555,2.3422892079619353
361006.825821133,4065825.716143109,2.069931491020578
361006.6790564852,4065826.0292419195,2.0091317877185357
361006.5415825612,4065826.3643836007,1.9600617154388777
361006.42214922945,4065826.710329041,1.9032220818556453
361006.3298669157,4065827.07802711,1.8166906118382582
361006.25562518905,4065827.456528935,1.7644836597983662
361006.19031361793,4065827.834885644,1.7417308513449796
361006.15143192856,4065828.190619008,1.679664260477352
361006.1125502434,4065828.546352374,1.6796642484111146
361006.0736685622,4065828.9020857406,1.6796642369713501
361006.05228661,4065829.235340883,1.634869408601444
361006.0398348065,4065829.568450906,1.6081593836326835
361006.0450630123,4065829.8901766967,1.5545472545705454
361006.059041081,4065830.200663378,1.525806839331974
361006.0751825437,4065830.6442779712,1.534426141767479
361006.10007386794,4065831.0766534535,1.5132910291442485
361006.11603504803,4065831.5091740554,1.5339103598068111
361006.1403855202,4065831.9082675586,1.509857418364883
361006.14705599006,4065832.3187452946,1.5545472535452787
361006.16211575444,4065832.6957959333,1.5308765857524385
361006.168245376,4065833.0729916915,1.5545472521138894
361006.1829445729,4065833.4278543433,1.5293977785993742
361006.19728320476,4065833.760529012,1.5277219236338
361006.18266801676,4065834.0714510507,1.6177677088577724
361006.1818506123,4065834.459885922,1.5729006776966923
361006.168857976,4065834.7597139687,1.6141028588101392
361006.1558653399,4065835.0595420166,1.6141028579006973
361006.14287270536,4065835.3593700626,1.614102853131301
361006.13917077746,4065835.6812409777,1.5822971008827753
361006.1265387135,4065836.003257009,1.6100042826208236
361006.1233776377,4065836.3584099025,1.5796966973252229
361006.1112864255,4065836.7137079155,1.6048143829327515
361006.1084859203,4065837.0910487953,1.5782178756760503
361006.08854627516,4065837.513055885,1.6180107620560158
361006.0777170528,4065837.946011851,1.595803407842025
361006.0827649882,4065838.2566436525,1.5545472141628491
361006.0703132183,4065838.5897536795,1.6081592824787259
361006.075721722,4065838.922573469,1.554547209861885
361006.063269955,4065839.2556834985,1.6081592734930055
361006.0599286091,4065839.5997424,1.5805075733829448
361006.06533711497,4065839.9325621896,1.5545472033925738
361006.0439552185,4065840.265817339,1.6348692406201017
361006.0138234735,4065840.6103115994,1.6580409031052359
361005.9836917317,4065840.9548058617,1.658040893245672
361005.94481014425,4065841.310539237,1.679663973955214
361005.9119741521,4065841.666562852,1.6627659558881347
361005.8225766035,4065842.033825581,1.8095685540483544
361005.75726520264,4065842.412182305,1.7417304075657611
361005.65623328125,4065842.791119508,1.8313543718435592
361005.5639512163,4065843.1588176023,1.8166899591967038
361005.45398918266,4065843.53789993,1.8531222659575404
361005.33491674624,4065843.9060333865,1.8836248540713025
361005.19816434407,4065844.2855510795,1.916645862108398
361005.04319112503,4065844.643171033,1.979714920466281
361004.86106696224,4065844.9790383647,2.067670211660584
361004.67019296903,4065845.326144815,2.0735631046294754
361004.45216803544,4065845.6514986516,2.161183388944352
361004.2073527328,4065845.977287856,2.2152267615486996
361003.9530664616,4065846.269940211,2.286162243127448
361003.67180953803,4065846.5519339507,2.3548863412067953
361003.37215151545,4065846.800935964,2.4482602560495526
361003.0548135434,4065847.0613222285,2.454456409449935
361002.71014434344,4065847.2888618964,2.5581024465762368
361002.33850449376,4065847.505742956,2.613335235037657
361001.96650408267,4065847.7004360454,2.659425929846004
361001.57646314625,4065847.8843254084,2.7010352086074563
361001.1858813537,4065848.0349328103,2.7735634598965664
361000.78582857724,4065848.1524033747,2.855983033487268
361000.394525644,4065848.2586348415,2.8765005937918815
361000.011431679,4065848.3203452257,2.9818804349903663
360999.6285180111,4065848.393149621,2.953702670156219
360999.23667422356,4065848.4660991607,2.9575298871960873
360998.85376056726,4065848.538903591,2.953702575378374
360998.45280637103,4065848.600904301,2.9881748620430097
360998.0518521796,4065848.6629050286,2.988174816009039
360997.6241076164,4065848.725341164,2.9966503166419405
360997.19618276285,4065848.7766833273,3.0221840442571444
360996.7409266484,4065848.7951789186,3.1009882004958
360996.2853099413,4065848.791486551,-3.1334887217290595
360995.8209434035,4065848.79903333,3.1253423128750417
360995.365506992,4065848.8064350034,3.125342257581561
360994.9102508773,4065848.8249306926,3.1009879860656238
360994.46356429183,4065848.8210932896,-3.133002047478143
360994.0170580058,4065848.8283499028,3.12534210000982
360993.58841196983,4065848.835316273,3.1253420497547357
360993.1419056819,4065848.842572931,3.1253419989430378
360992.71325964545,4065848.8495393456,3.1253419465982257
360992.2847939106,4065848.867599773,3.0994661979167653
360991.8650779994,4065848.874421096,3.1253418466757767
360991.46340264264,4065848.8920461633,3.0977418954562115
360991.0526168579,4065848.89872239,3.1253417525601113
360990.63308125053,4065848.9166377652,3.0989157106166343
360990.21336534055,4065848.923459169,3.1253416536320375
360989.79382973426,4065848.9413745864,3.0989156096831607
360989.3653640036,4065848.9594351626,3.09946585143309
360988.93689827365,4065848.9774957607,3.099465800369257
360988.50807193096,4065848.9733683914,-3.1319681473276733
360988.0971058386,4065848.968950767,-3.1308437030853504
360987.6773899263,4065848.975772295,3.125341357572497
360987.2753539571,4065848.971209571,-3.13024409677744
360986.86438786134,4065848.966792008,-3.1308438515911945
360986.44467194716,4065848.973613596,3.125341214561057
360986.0158455973,4065848.969486351,-3.13196843739602
360985.5693393048,4065848.9767434057,3.125341111837075
360985.14944307937,4065848.972471066,-3.1314182529076966
360984.729727163,4065848.9792927383,3.1253410138860502
360984.3010811211,4065848.986259574,3.125340963912792
360983.8813652042,4065848.9930812884,3.1253409140806014
360983.45271916164,4065849.000048167,3.125340864018902
360983.04193337087,4065849.006724779,3.125340815570967
360982.6132873277,4065849.0136917005,3.125340764125013
360982.19357140973,4065849.0205134973,3.125340717797229
360981.76492536615,4065849.027480461,3.1253406653083653
360981.3364596383,4065849.045541438,3.099464918153255
360980.91674372135,4065849.0523632974,3.125340568020327
360980.4972081201,4065849.0702791736,3.098914517863281
360980.0864223285,4065849.0769559275,3.12534046995289
360979.6758168549,4065849.094726694,3.098340226734072
360979.2652113809,4065849.1124974806,3.0983401769766394
360978.85442558967,4065849.119174294,3.1253403248760043
360978.45275024336,4065849.1367999734,3.09774037392414
360978.06000502454,4065849.1542805214,3.0971133887133546
360977.68512005714,4065849.1714707864,3.0957699793131415
360977.31916521717,4065849.18851592,3.0950491410417498
360976.9800007552,4065849.2051256173,3.092659349097008
360976.64976642065,4065849.2215901795,3.0917766940428697
360976.3373923374,4065849.2377644517,3.0898603180861897
360975.9001768171,4065849.267064847,3.074676801153231
360975.49850147753,4065849.284690664,3.0977400306952956
360975.13254664256,4065849.3017358906,3.0950488877354903
360974.77552193357,4065849.3186359815,3.0942920470235955
360974.4272470267,4065849.3242969397,3.1253398040588682
360974.0700419931,4065849.330103066,3.1253397613594425
360973.67711645685,4065849.336489822,3.125339717611665
360973.24865074316,4065849.3545512054,3.0994639685761194
360972.9271662133,4065849.3597767623,3.1253396265243865
360972.59657122905,4065849.3540534936,-3.1242823575045424
360972.23954652366,4065849.3709536893,3.0942917537385832
360971.87323103554,4065849.365811069,-3.127554801908542
360971.48941595224,4065849.3831467624,3.096456545030842
360971.0964904137,4065849.3895336376,3.1253394143966773
360970.70356487617,4065849.3959205295,3.125339371702943
360970.3195694637,4065849.402162283,3.1253393238468803
360969.92664392444,4065849.408549211,3.125339280545542
360969.56050876353,4065849.4145006835,3.125339233786939
360969.185443477,4065849.4205973293,3.125339192997394
360968.8103781891,4065849.4266939927,3.1253391458915876
360968.4619229467,4065849.4212612007,-3.126002841163302
360968.0956074511,4065849.4161187406,-3.1275552394016253
360967.7112513684,4065849.400172623,-3.100128556111249
360967.34475553577,4065849.3839362036,-3.097319818145129
360966.96950990905,4065849.378938953,-3.128276161993634
360966.6030140726,4065849.362702563,-3.097319898498177
360966.21883831744,4065849.3578505064,-3.12896354184367
360965.843592688,4065849.3528533066,-3.1282762973303377
360965.45941693045,4065849.3480012836,-3.1289636291797427
360965.06631104485,4065849.3432944412,-3.1296197536146915
360964.6551645691,4065849.32778395,-3.1038855583220917
360964.2620586817,4065849.323077144,-3.1296198460528295
360963.84216241364,4065849.318805849,-3.1314207422588733
360963.42226614425,4065849.3145345734,-3.131420787755239
360962.99343974784,4065849.310408485,-3.1319711355593682
360962.5556832244,4065849.3064275817,-3.1324990285388457
360962.1089965725,4065849.3025918677,-3.133005829546432
360961.66230991913,4065849.298756176,-3.1330058796096885
360961.2156232643,4065849.29492051,-3.1330059369697576
360960.77804707794,4065849.3020336926,3.12533821330829
360960.34029054653,4065849.2980529014,-3.1324992850458195
360959.92057461175,4065849.3048757925,3.1253381118879986
360959.50085867546,4065849.3116987045,3.1253380620337405
360959.08989252086,4065849.307282474,-3.1308470956568177
360958.68749579974,4065849.280533105,-3.07521519522914
360958.311889454,4065849.253348246,-3.069342702008657
360957.9180621604,4065849.204265757,-3.0176024993543296
360957.5331649874,4065849.155038114,-3.0143851046716965
360957.15665689274,4065849.0723833367,-2.9254908079178645
360956.7797880954,4065848.9675405864,-2.8702591616676254
360956.4205991924,4065848.851313515,-2.828643801828494
360956.0789098354,4065848.712608127,-2.755976071776467
360955.76383050013,4065848.562373242,-2.696663624119709
360955.46625070774,4065848.389660034,-2.6157148879207353
360955.1597407761,4065848.217092009,-2.6288161851709018
360954.86143955734,4065848.0000028433,-2.512483281977666
360954.57188810135,4065847.7716745227,-2.4738671513845505
360954.2994754808,4065847.498679886,-2.35512736872218
360954.0183130665,4065847.2369244276,-2.3919249335808854
360953.7541091342,4065846.919408659,-2.2648045455916463
360953.62656240107,4065846.6017477214,-1.9526110426185663
360953.3709278645,4065846.426276266,-2.5400422454340457
360953.1599439586,4065846.085701478,-2.1254261903590335
360952.95734910807,4065845.7116995365,-2.0672407147284106
360952.77261450083,4065845.337407249,-2.029276325179934
360952.62342005095,4065844.9514402687,-1.9396519278096573
360952.50065527495,4065844.542849776,-1.8626743600534272
360952.38664026756,4065844.123020115,-1.8359750461325821
360952.2992352935,4065843.691660934,-1.7707164723419253
360952.23862071143,4065843.2598662274,-1.7102632205469663
360952.19929310796,4065842.816977524,-1.6593619697413424
360952.1082810435,4065842.385327993,-1.7785997313457895
360952.0868137035,4065841.9532429352,-1.6204386420074977
360952.0406326521,4065841.520867524,-1.6772006988822377
360952.0071691608,4065841.110825279,-1.652225731450169
360951.98281615623,4065840.7117318492,-1.6317415683772132
360951.9763234225,4065840.312348069,-1.5870517737039895
360951.95521678345,4065839.9243486356,-1.6251413965492034
360951.92815847055,4065839.547443196,-1.6424640926359118
360951.9313172895,4065839.1922902167,-1.5619023126062577
360951.94322589156,4065838.8258980666,-1.5383054251310675
360951.96406463545,4065838.459360739,-1.5140044704744389
360951.9761535956,4065838.104062584,-1.5367846154057148
360951.98806220526,4065837.7376704346,-1.5383054044588733
360951.990860325,4065837.360329468,-1.5633811010578709
360951.98797466885,4065836.983133677,-1.5784464647760028
360951.97841593367,4065836.5948438933,-1.595408885122641
360951.9633537746,4065836.2177932784,-1.610722411270918
360951.95704140305,4065835.829503494,-1.5870517520751686
360951.94179889164,4065835.441358887,-1.610046345947011
360951.9263760252,4065835.0421202853,-1.6094078268676169
360951.9141995218,4065834.642881685,-1.601286189002668
360951.8951695869,4065834.2214550967,-1.6159216626600343
360951.870275517,4065833.789079689,-1.6283079635200226
360951.8546722955,4065833.3787470963,-1.6088038059347982
360951.8210284341,4065832.95761086,-1.6505153299549167
360951.8054252125,4065832.5472782664,-1.6088038061319165
360951.7810721989,4065832.1481848434,-1.6317415918931413
360951.7656493285,4065831.7489462444,-1.6094078370369618
360951.7416570212,4065831.3720408077,-1.6343665944100432
360951.7176647116,4065830.995135372,-1.6343666008730113
360951.7029632535,4065830.640272748,-1.612201239353663
360951.7063024427,4065830.296213766,-1.5610913501523733
360951.7187521328,4065829.963103603,-1.5334396212715988
360951.7401319712,4065829.6298482623,-1.506729599939799
360951.7616921653,4065829.3076869166,-1.5039723800448441
360951.78343271516,4065828.996619564,-1.501019621304101
360951.8142837693,4065828.6965010297,-1.46835990230916
360951.86101123865,4065828.274058213,-1.460631631904211
360951.92559901066,4065827.851325047,-1.4191826601133863
360951.99054749624,4065827.450779868,-1.4100452305695181
360952.03781604336,4065827.061619034,-1.4499256606405126
360952.1033056006,4065826.694355837,-1.3943332936885544
360952.1618488935,4065826.315708297,-1.4173993600670145
360952.2782140806,4065825.914727596,-1.2883530779354577
360952.39674351166,4065825.5133113703,-1.2836771364465498
360952.52384240204,4065825.0895619844,-1.2793956625729843
360952.65130201,4065824.688000587,-1.2634445542780524
360952.8146625936,4065824.296952488,-1.175081962186009
360952.9264261421,4065823.8946652245,-1.2998100461258033
360953.1163968609,4065823.626231761,-0.9549203637674455
360953.2637006913,4065823.346413956,-1.0862308038768336
360953.4806422551,4065822.954494827,-1.065241967282175
360953.6636667276,4065822.6740963343,-0.9925044323441389
360953.84705191286,4065822.415885834,-0.9532469538832398
360954.0393672639,4065822.1575301634,-0.9309003441893942
360954.24097348185,4065821.921217313,-0.8644863831951337
360954.4695505261,4065821.695562941,-0.7789639278572786
360954.6983079304,4065821.4810025697,-0.7533845981447589
360954.9272456962,4065821.2775362,-0.7265596984703782
360955.16565467475,4065821.016422284,-0.8308201470095304
360955.5722938435,4065820.8453668808,-0.3981859057813396
360955.87357463466,4065820.6962091285,-0.45970295693443003
360956.201645905,4065820.546615876,-0.4278140255891144
360956.53900803695,4065820.4190654512,-0.36146963174166735
360956.89459118433,4065820.313412688,-0.2888174082474226
360957.26821499923,4065820.218563591,-0.2486106941591697
360957.66042051493,4065820.1678001476,-0.12871514754596533
360958.04405656736,4065820.139369876,-0.07397218432850784
360958.4635935935,4065820.121452943,-0.042680505928730225
360958.87420046283,4065820.1036811974,-0.04325466052490849
360959.2760575197,4065820.097148633,-0.016254508538887456
360959.6691647613,4065820.1018552477,0.01197227950955518
360960.0713825013,4065820.117510708,0.03890321082390127
360960.4644897399,4065820.1222173604,0.011972375536012518
360960.84902750305,4065820.149257183,0.07020217547953685
360961.22427442577,4065820.1542542013,0.01331582648789542
360961.6084515035,4065820.1591060716,0.012628583509956093
360961.9836984226,4065820.1641031243,0.013315918429689846
360962.3589453418,4065820.1691001933,0.013315961853045252
360962.73419225856,4065820.1740972786,0.013316005363143691
360963.11854966945,4065820.190043209,0.041463468160713945
360963.49361624697,4065820.183946334,-0.016254016576486053
360963.86886316014,4065820.188943469,0.013316138248909409
360964.23499957944,4065820.1829917906,-0.01625392594850812
360964.6100661559,4065820.176894965,-0.016253883811874214
360964.97602223913,4065820.159849324,-0.04654473862408761
360965.3332285023,4065820.154042853,-0.016253800718453948
360965.6902544305,4065820.1371424063,-0.047301439519930044
360966.0472803582,4065820.1202419726,-0.047301403151080376
360966.4041259541,4065820.092247561,-0.07828930461698379
360966.7522217276,4065820.0754923173,-0.04809688314974026
360967.0915676787,4065820.069976241,-0.016253592210933032
360967.4307332972,4065820.0533661842,-0.04893419529049945
360967.77025958034,4065820.0589441285,0.01642713023914482
360968.1096055309,4065820.053428093,-0.016253471511524637
360968.44913181243,4065820.0590060633,0.016427207101424902
360968.77972793556,4065820.0647292053,0.017309853452940088
360969.119254215,4065820.070307203,0.01642728809963011
360969.46771064936,4065820.0757400566,0.015589935462454473
360969.81616708386,4065820.0811729236,0.015589974202105982
360970.16462351603,4065820.0866058054,0.015590017059205947
360970.5130799472,4065820.0920387018,0.015590058520389194
360970.8702862063,4065820.086232464,-0.01625314926591087
360971.23660294875,4065820.091375078,0.014037787097784134
360971.6031000172,4065820.107611701,0.04427324050702599
360971.9785272406,4065820.123703184,0.04283557227484128
360972.3535938083,4065820.117606698,-0.016252979344382187
360972.7377708587,4065820.1224590684,0.012629885997726674
360973.12194790767,4065820.127311454,0.012629926036592328
360973.514874788,4065820.1209247126,-0.016252843663308036
360973.9169121467,4065820.1254868302,0.011347009740280621
360974.3369901418,4065820.140852654,0.03656220088997589
360974.7477773314,4065820.1341756643,-0.016252701779299997
360975.16767500027,4065820.1384475366,0.010173252400893548
360975.57846218883,4065820.1317705866,-0.016252605491658752
360975.99817953416,4065820.1249485067,-0.01625255490892161
360976.409147043,4065820.1293655895,0.010747595832745404
360976.8199342303,4065820.1226886995,-0.016252459348757638
360977.2309017371,4065820.1271058223,0.010747693320109688
360977.6416889246,4065820.120428972,-0.01625236301276156
360978.0524761105,4065820.1137521407,-0.016252316608007637
360978.4634436144,4065820.1181693226,0.01074783728144307
360978.8653006436,4065820.111637679,-0.016252219369262712
360979.2671576727,4065820.1051060543,-0.01625217187680322
360979.68669469614,4065820.087190162,-0.042678029998891004
360980.0883714091,4065820.069564581,-0.043851886513757515
360980.4900481229,4065820.051939021,-0.04385183435694394
360980.8915445224,4065820.0232194867,-0.07140960860431676
360981.28447139583,4065820.0168331005,-0.016251939950208575
360981.686148112,4065819.9992075977,-0.04385169177763965
360982.0788946719,4065819.981727255,-0.0444785913547602
360982.4718215469,4065819.9753409247,-0.016251797709660874
360982.864568108,4065819.9578606207,-0.044478493008421695
360983.2485648261,4065819.9516194705,-0.01625170328329945
360983.63220092095,4065819.9231903483,-0.07396919685505016
360984.0161976396,4065819.9169492316,-0.016251615971952998
360984.38233404525,4065819.9109984157,-0.016251571756038117
360984.75722029654,4065819.893808482,-0.04582163501749734
360985.12317639403,4065819.8767637042,-0.046542382795216754
360985.4893128,4065819.870812935,-0.016251444594249775
360985.8466993574,4065819.876101315,0.01479628753430558
360986.20372529875,4065819.859201724,-0.047299045875069515
360986.57004201185,4065819.8643449955,0.014039581529583135
360986.91831810516,4065819.858684566,-0.016251277026437503
360987.26659419714,4065819.8530241516,-0.016251232978017952
360987.6057598269,4065819.836414896,-0.048931837820358495
360987.9451057632,4065819.830899647,-0.016251155107066262
360988.293381855,4065819.8252392747,-0.016251112683768217
360988.632727791,4065819.819724054,-0.016251071439753018
360988.9720737268,4065819.814208846,-0.016251034404852253
360989.3023092014,4065819.797744795,-0.04981424342456369
360989.64165513724,4065819.792229614,-0.01625095483642466
360989.9631407603,4065819.787004717,-0.01625091987186943
360990.3024866959,4065819.781489563,-0.01625087528193189
360990.64183263126,4065819.7759744204,-0.016250842365426125
360990.98117856646,4065819.770459293,-0.016250797102095222
360991.3205245015,4065819.764944179,-0.016250757326242024
360991.65094027936,4065819.759574211,-0.01625072233646307
360991.99028621404,4065819.7540591233,-0.016250680518274274
360992.3298124487,4065819.7596380413,0.016429999623704127
360992.66933868226,4065819.765216974,0.016430043553465643
360992.99975445867,4065819.7598470584,-0.016250564605954
360993.330350535,4065819.765571149,0.017312724260542256
360993.66094660904,4065819.7712952527,0.017312763806995327
360993.99136238405,4065819.7659253753,-0.016250449140991666
360994.31284800335,4065819.7607006435,-0.016250405993111703
360994.64326377935,4065819.7553307917,-0.01625037160024636
360994.96474939835,4065819.7501060837,-0.016250332155513032
360995.2773048616,4065819.7450265177,-0.01625029635108643
360995.58986032347,4065819.739946964,-0.01625025620530507
360995.911345942,4065819.7347222916,-0.01625022212462754
360996.22390140477,4065819.7296427605,-0.01625018466591958
360996.6795196581,4065819.733335172,0.008104000425384027
360997.13495761727,4065819.7259336147,-0.016250085253108792
360997.57253526244,4065819.718822337,-0.016250033692139773
360998.00100245915,4065819.700762215,-0.04212560043077718
360998.4119699289,4065819.7051803563,0.0107501720614324
360998.82257681387,4065819.6874105306,-0.04324999180524363
360999.2244338353,4065819.680879843,-0.01624984134842125
360999.61736070097,4065819.674494301,-0.0162497922345491
361000.0193980109,4065819.679057646,0.011350063880979018
361000.4480454988,4065819.6720916405,-0.016249698412439728
361000.89437300945,4065819.653741414,-0.04109067213338503
361001.34999125474,4065819.6574340747,0.008104547325168781
361001.67165715806,4065819.66330361,0.018245278361909034
361002.01118337247,4065819.668882914,0.016431137272980702
361002.3594594541,4065819.663223115,-0.016249467689453886
361002.7347062897,4065819.668221954,0.013320680818197699
361003.1458540356,4065819.683734314,0.03771151863982969
361003.5568214922,4065819.688152701,0.010750770605545771
361003.98564925947,4065819.692280866,0.009626329911364487
361004.41447702533,4065819.696409054,0.009626383146573452
361004.825264194,4065819.689733509,-0.016249187162808057
361005.2540919576,4065819.6938617383,0.009626479833096977
361005.67398956465,4065819.698135107,0.010176816707114077
361006.0758465762,4065819.6916047423,-0.01624903777194523
361006.49556389794,4065819.684784159,-0.016248990945702
361006.915461502,4065819.6890575876,0.010176959825067883
361007.317498793,4065819.6936212755,0.01135091678009697
361007.7372161129,4065819.6868007537,-0.016248844607205538
361008.14818355825,4065819.6912193615,0.010751307919892868
361008.5679008771,4065819.6843988807,-0.016248747040696693
361008.9699381639,4065819.6889626444,0.011351105671129541
361009.38947520487,4065819.6710482105,-0.04267455821159389
361009.7915124888,4065819.675612013,0.011351201874345468
361010.1933694957,4065819.6690818416,-0.016248557196116325
361010.5952265024,4065819.66255169,-0.016248508547532924
361010.99726378475,4065819.6671155496,0.011351344365599704
361011.39019063395,4065819.6607305477,-0.01624841855175592
361011.7920476394,4065819.654200452,-0.016248369583178573
361012.1762246074,4065819.659054592,0.012634493954018429
361012.5689711816,4065819.6415756526,-0.0444750232471837
361012.9529678747,4065819.635335836,-0.016248232169969953
361013.3280344126,4065819.629241147,-0.016248190788272956
361013.70292067656,4065819.6120524826,-0.04581825573809375
361014.06905705924,4065819.606102938,-0.01624810161177198
361014.4441235957,4065819.6000082986,-0.016248058038732506
361014.8013298217,4065819.5942038954,-0.01624801586492988
361015.16728593205,4065819.577160405,-0.04653887044931295
361015.51520146156,4065819.5493131545,-0.07986999246650434
361015.863116994,4065819.5214659213,-0.07986994259446913
361016.2106719885,4065819.4714307156,-0.14298103795369246
361016.5492968312,4065819.4215406314,-0.14627908848013194
361016.87845071574,4065819.338513694,-0.24708910333775524
361017.18974429544,4065819.2557769823,-0.2597777204439619
361017.5010378794,4065819.173040282,-0.2597776835227749
361017.8032210476,4065819.079354708,-0.3006322131017418
361018.09611353045,4065818.963626266,-0.376294671416181
361018.3888257558,4065818.8368038423,-0.4088516241038609
361018.7874380063,4065818.630582211,-0.4774302484151326
361019.1588992751,4065818.402607932,-0.5504487937571355
361019.51231998316,4065818.1638298878,-0.5941753726602929
361019.8292990251,4065817.881256304,-0.728075811763466
361020.0318084172,4065817.6100669364,-0.9293814676038086
361020.32199702057,4065817.4182767738,-0.5840104910712708
361020.58503464155,4065817.1143858614,-0.8573345624301449
361020.8482525457,4065816.8215889516,-0.8385462969344581
361021.0664591483,4065816.5073295804,-0.9638710766253616
361021.20609696244,4065816.2044544145,-1.1387988815616448
361021.4407218134,4065815.9020145624,-0.9110031322128562
361021.58766744816,4065815.6000100216,-1.1179522396245265
361021.6992529786,4065815.320773878,-1.1906262784743795
361021.7931584567,4065814.9637346896,-1.3136093582554178
361021.9111505011,4065814.618224802,-1.2417127843735154
361021.9691550906,4065814.250817134,-1.4142134305902863
361022.06874604936,4065813.8721703747,-1.3136033383954977
361022.1345992449,4065813.5270957956,-1.3822261134431135
361022.21741146734,4065813.126261055,-1.367063304742967
361022.29968291475,4065812.6921443352,-1.3835029297688852
361022.3573270122,4065812.391590831,-1.381304297018516
361022.414610593,4065812.068849344,-1.3951350929628143
361022.489754505,4065811.7458176524,-1.3422401796647323
361022.53828819364,4065811.434315259,-1.4162338264104797
361022.59593231056,4065811.1337617585,-1.3813042323354423
361022.65357643226,4065810.8332082564,-1.381304217877925
361022.7626384256,4065810.398656242,-1.3248995746098804
361022.8383231504,4065809.963959128,-1.3984152143504187
361022.9227577862,4065809.6628252254,-1.297426934699931
361023.02505276044,4065809.361546222,-1.2434740764394192
361023.20555612526,4065809.070925913,-1.0150086806008283
361023.316781286,4065808.769501813,-1.2172972481862012
361023.53390664724,4065808.388678566,-1.0526165971977486
361023.7872934735,4065808.040556898,-0.9416104272819072
361023.96247191157,4065807.7477601008,-1.031632506559875
361024.24427160004,4065807.5781580242,-0.5417811173479733
361024.4382116846,4065807.340250804,-0.8868603173680484
361024.7473426757,4065807.2037856164,-0.41571917369921935
361025.0923746148,4065806.9984348994,-0.5368563042789312
361025.4649181002,4065806.837024869,-0.40885024565273814
361025.8469325364,4065806.708751735,-0.32395170440444304
361026.2469875767,4065806.5912824147,-0.28560522702599445
361026.6745541531,4065806.5177537915,-0.170304195826176
361027.0849814149,4065806.48889135,-0.07020733477931813
361027.5138097779,4065806.4930207133,0.009629110279817315
361027.9342487307,4065806.5305771697,0.08909032002214165
361028.36451911036,4065806.6234585126,0.21260507629223316
361028.7774698986,4065806.749912042,0.2971528252074971
361029.18203126057,4065806.90979266,0.37635726389011026
361029.56034285564,4065807.1033905568,0.47299694897026834
361029.8130913271,4065807.265737809,0.5709625071721068
361030.06583979,4065807.428085065,0.5709625343045096
361030.301088408,4065807.700066411,0.8576902558308014
361030.61797027057,4065807.87408805,0.5022048458352446
361030.84464919666,4065808.0812465763,0.7404337594110516
361031.08007802896,4065808.277166024,0.6940579417706007
361031.3155068505,4065808.473085479,0.6940579829578506
361031.55968557857,4065808.657765853,0.6475417784357373
361031.81243396655,4065808.820113161,0.5709628138542877
361032.09197284316,4065808.9820252,0.5249933242789444
361032.35347112897,4065809.13313344,0.5239776647837869
361032.7589335409,4065809.348484183,0.48823553568046707
361033.1463553552,4065809.5530311363,0.48577213829269383
361033.4255336889,4065809.692755234,0.46403418553906667
361033.72239209805,4065809.8210951677,0.40806035776254107
361034.00139016757,4065809.949725293,0.431999299492897
361034.2887776586,4065810.044928361,0.31989307719964527
361034.5761651416,4065810.1401314363,0.31989310744465344
361035.0157259077,4065810.2550560017,0.25572875272990814
361035.43652511435,4065810.3148008054,0.1410367257381412
361035.84803366265,4065810.352502732,0.09136375137835728
361036.23185049964,4065810.3351699803,-0.04512825418349319
361036.5976267657,4065810.307033428,-0.0767716642183946
361036.9362520563,4065810.257144167,-0.1462765181496294
361037.3189874501,4065810.1732475124,-0.21578974289033723
361037.6652812278,4065810.0455552503,-0.35327092007457994
361038.01103429554,4065809.884581026,-0.4357309127506748
361038.31231678854,4065809.735426234,-0.4596928196902601
361038.58626807726,4065809.5534247314,-0.5864020160664732
361038.85092873266,4065809.3493803376,-0.6567849396369055
361039.1150486855,4065809.1120539764,-0.7320163047863839
361039.40541843546,4065808.841010397,-0.7509876127106212
361039.68613708456,4065808.5257359426,-0.8433135330197999
361039.95702439995,4065808.155136624,-0.9396030783159817
361040.1921910702,4065807.7851176457,-1.0046443061484924
361040.3394979832,4065807.5053014383,-1.0862198241541197
361040.4778747391,4065807.2256303164,-1.1113303340391538
361040.54697300144,4065806.923916295,-1.3456597910731523
361040.7271168269,4065806.622347361,-1.032323668636677
361040.77817452647,4065806.3099745996,-1.4087778432776459
361040.93080692575,4065805.9643198643,-1.1549709001451542
361041.01434105856,4065805.6078613037,-1.3406055726650756
361041.07983462454,4065805.240598914,-1.3943223348721012
361041.11835744954,4065804.862677783,-1.4692136830948892
361041.1661709209,4065804.5067995526,-1.4372426214997127
361041.18719388585,4065804.151356568,-1.5117193360018903
361041.2173272588,4065803.8068624944,-1.4835470138511606
361041.22960029275,4065803.462658584,-1.535155137466027
361041.23294315697,4065803.1185997557,-1.5610806655155538
361041.2186059118,4065802.7859250833,-1.6138665687481466
361041.2046291391,4065802.475438394,-1.6157816474830957
361041.17297225434,4065802.176335862,-1.6762433310363893
361041.1413153692,4065801.8772333274,-1.6762433313763396
361041.10108878114,4065801.467626123,-1.66869012784207
361041.00367642706,4065801.102685049,-1.8316410568446098
361040.92664771824,4065800.7599319606,-1.7918587835944446
361040.8317586541,4065800.417469036,-1.8410937400407346
361040.7654624702,4065800.064057201,-1.7562302835256782
361040.587318033,4065799.6668497333,-1.9923956288239282
361040.4572489507,4065799.358249117,-1.9696819888932402
361040.3273600964,4065799.060742495,-1.982443947108501
361040.1883608207,4065798.7522869664,-1.9941739322676726
361040.0963555004,4065798.433607944,-1.8518619622777612
361039.7942699356,4065798.137261995,-2.365785295488312
361039.5931198591,4065797.85201004,-2.1849812228099244
361039.3742896514,4065797.5781422476,-2.244949148230018
361039.1286688958,4065797.304709713,-2.3026639386381107
361038.88358883874,4065797.0645591617,-2.366353239646066
361038.62064841174,4065796.8246987835,-2.402065257491974
361038.3135977928,4065796.6188458125,-2.550995874402108
361038.0067273985,4065796.424086844,-2.5760755571058818
361037.6643165122,4065796.2410022183,-2.6505775388043515
361037.3136963935,4065796.10243866,-2.765234775032888
361036.9543263234,4065795.9751141923,-2.801093108241476
361036.58656678686,4065795.881216802,-2.8916106157853836
361036.2104177864,4065795.820746489,-2.9821948948677837
361035.8523093822,4065795.7710800106,-3.0037805992390525
361035.485811522,4065795.754840607,-3.0973119356209073
361035.11949390295,4065795.7496952144,-3.1275473176235677
361034.7622867071,4065795.7554987394,3.1253471398045116
361034.4138294451,4065795.7500631995,-3.1259950476148295
361034.05662224843,4065795.7558667543,3.125347056432111
361033.69048486964,4065795.761815414,3.125347013268584
361033.2975569523,4065795.7681993586,3.1253469686822317
361032.9044487887,4065795.7634893274,-3.1296117122674403
361032.50259068963,4065795.7700183997,3.1253468745218718
361032.09180241096,4065795.7766925804,3.125346830839391
361031.672264199,4065795.794605865,3.0989209486826668
361031.25254573964,4065795.8014251785,3.125346731379537
361030.8328272812,4065795.808244512,3.1253466836492594
361030.41328907065,4065795.8261578577,3.098920803403507
361030.0114309712,4065795.8326870454,3.1253465872391115
361029.62761348195,4065795.8500200566,3.096463801597754
361029.2437959936,4065795.8673530878,3.096463749425417
361028.8597982546,4065795.8735921416,3.1253464514903557
361028.49384112743,4065795.890635015,3.095055594608649
361028.13663392933,4065795.8964388175,3.125346363157195
361027.7881766566,4065795.8910035472,-3.125995821653277
361027.4400798903,4065795.9077562746,3.0935031198085094
361027.0918028712,4065795.913415024,3.1253462425319647
361026.7433455964,4065795.9079797966,-3.1259959446588526
361026.37720821623,4065795.9139287695,3.1253461576207724
361025.9932104756,4065795.9201679523,3.1253461157392652
361025.5736722711,4065795.938081536,3.098920236642502
361025.14502363047,4065795.945046247,3.125346018117433
361024.6897647053,4065795.963540267,3.1009918963111813
361024.21646516473,4065795.971230519,3.125345912355562
361023.7251250055,4065795.968117005,-3.135255959792316
361023.23414536193,4065795.9871915034,3.102762305574281
361022.75173538155,4065795.983932945,-3.134838007063582
361022.26914513827,4065795.96958042,-3.11186081391148
361021.80477577366,4065795.977125704,3.12534562986257
361021.3670166888,4065795.973141714,-3.1324920318680274
361020.95622840425,4065795.979816431,3.1253455255326164
361020.56312021636,4065795.975106969,-3.129613160334979
361020.20591301227,4065795.980911102,3.125345438106236
361019.8754963466,4065795.9862799398,3.125345394414465
361019.44684770005,4065795.9932449358,3.125345353673374
361019.1075008544,4065795.998758907,3.1253453064218264
361018.74154373305,4065796.015802198,3.095054454954128
361018.4196967182,4065795.998838002,-3.088932503090589
361018.10732067714,4065796.015010689,3.089865702541598
361017.7499332058,4065796.0097209318,-3.1267925518830992
361017.34807509754,4065796.0162507165,3.1253451024427936
361016.9372868093,4065796.0229256256,3.1253450587660443
361016.61580032256,4065796.0281494814,3.1253450152771607
361016.29449410335,4065796.0444673416,3.090850240870494
361015.9640774358,4065796.0498363306,3.125344936602306
361015.6156201402,4065796.044401555,-3.1259972415340918
361015.2675233815,4065796.061154779,3.093501694699761
361014.9013859922,4065796.0671042437,3.1253448153375296
361014.5532892344,4065796.083857496,3.0935016144926686
361014.2137621164,4065796.07827767,-3.125160023002782
361013.88316517824,4065796.0725527448,-3.1242774510927904
361013.56167869,4065796.0777767156,3.1253446576747677
361013.24894210964,4065796.071761597,-3.1223612061827097
361012.9274556207,4065796.076985591,3.125344585306031
361012.5970389519,4065796.0823547095,3.1253445449790154
361012.26644200867,4065796.076629847,-3.124277640046668
361011.9004848909,4065796.093673433,3.095053649510015
361011.5341672262,4065796.0885290476,-3.1275500671574736
361011.1499891995,4065796.083674906,-3.128958189601379
361010.7392009058,4065796.0903501124,3.125344334816174
361010.3194824308,4065796.0971704535,3.1253442840490653
361009.90869413665,4065796.103845701,3.1253442351059064
361009.51576620183,4065796.1102307383,3.12534418987904
361009.1496288086,4065796.116180449,3.125344144166254
361008.819212137,4065796.121549713,3.125344104114265
361008.42628420284,4065796.1279348,3.125344063079692
361008.1047977093,4065796.133158976,3.1253440193388746
361007.8011715779,4065796.138092931,3.1253439847697164
361007.47950480634,4065796.1322231386,-3.1233466256261524
361007.10443723167,4065796.1383180534,3.1253439057204986
361006.8006308182,4065796.1321580512,-3.1213193546360904
361006.47021414456,4065796.137527406,3.1253438294704905
361006.1487276505,4065796.142751655,3.1253437934647748
361005.83581077383,4065796.125642814,-3.086971684580265
361005.5141439971,4065796.1197730955,-3.1233468545726892
361005.21015729837,4065796.1025191573,-3.0848946280214506
361004.90635088045,4065796.096359223,-3.121319578621712
361004.5934339975,4065796.079250428,-3.0869718310775727
361004.2449766748,4065796.0738161155,-3.1259985720937684
361003.8695485246,4065796.057723188,-3.0987533464284205
361003.49430065777,4065796.0527242688,-3.128271795969053
361003.09226224717,4065796.04816073,-3.1302421390086423
361002.6902238352,4065796.04359721,-3.1302421865302414
361002.30586549756,4065796.027649471,-3.1001245877942414
361001.9218677303,4065796.033889735,3.1253433017958505
361001.56448021904,4065796.0286006555,-3.126794448926673
361001.2072729925,4065796.034405583,3.125343215742444
361000.82309493644,4065796.0295519046,-3.1289593964125744
361000.4387365909,4065796.0136042503,-3.1001248087666693
361000.03669817024,4065796.0090408544,-3.1302424948300773
360999.643770219,4065796.015426345,3.1253430365691623
360999.2147609646,4065796.000204371,-3.1061258399761424
360998.7500309841,4065795.9855629224,-3.110097790757964
360998.24083038804,4065795.9827411226,-3.136051083194692
360997.7135891379,4065795.9691156163,-3.1157553842092947
360997.1686678138,4065795.966874388,-3.1374797376423214
360996.57873499853,4065795.943170852,-3.1014341952201168
360996.26599837316,4065795.9371563527,-3.12236318857157
360995.9530814527,4065795.9200478713,-3.086972837618603
360995.63141464454,4065795.9141785237,-3.1233480097490456
360995.30081765493,4065795.9084543167,-3.1242796251151765
360994.96129048255,4065795.902875254,-3.1251622729140727
360994.60372265114,4065795.886492471,-3.095807401121439
360994.2463351152,4065795.8812036966,-3.1267953031972735
360993.8800173951,4065795.8760600677,-3.127552134566213
360993.5136996751,4065795.870916456,-3.1275521815844676
360993.147381954,4065795.8657728587,-3.1275522210261313
360992.7901747104,4065795.8715781365,3.1253422364599515
360992.45064753166,4065795.865999172,-3.125162562529285
360992.12023083016,4065795.8713690815,3.1253421527901093
360991.8164243734,4065795.8652096116,-3.1213211087419537
360991.280433206,4065795.8628236256,-3.1371411431500946
360990.8873249345,4065795.8581155264,-3.1296166296005077
360990.58351847436,4065795.8519560997,-3.121321251454933
360990.2798923147,4065795.8568906765,3.125341937842696
360989.90482470463,4065795.8629863453,3.12534189773153
360989.6010182424,4065795.856826954,-3.1213213680363356
360989.2972117793,4065795.850667573,-3.1213214018052455
360988.966975378,4065795.8671315974,3.0917786299005936
360988.64530855103,4065795.8612625115,-3.1233488241242497
360988.3148918451,4065795.8666325673,3.125341710599521
360987.98447514034,4065795.872002636,3.125341671091869
360987.64494794846,4065795.866423862,-3.1251631239575364
360987.3057813662,4065795.8830330875,3.0926610419983347
360986.9753646595,4065795.888403196,3.125341551426168
360986.6447676479,4065795.8826793227,-3.124280635892418
360986.3322113033,4065795.887759179,3.1253414751251007
360986.0285851405,4065795.892693907,3.1253414397008954
360985.59993643954,4065795.8996605994,3.1253413992159267
360985.2066478479,4065795.8838587697,-3.101435539459855
360984.84051041456,4065795.8898095204,3.125341305447746
360984.4922333426,4065795.895470005,3.125341264491426
360984.1346654722,4065795.8790876595,-3.095808626407953
360983.75066767435,4065795.88532874,3.1253411778480795
360983.33094915055,4065795.892150405,3.1253411325748206
360983.027142674,4065795.8859912464,-3.121322135054781
360982.70565614477,4065795.8912163763,3.1253410554763086
360982.3839893037,4065795.885347526,-3.1233495571905743
360982.07125264255,4065795.879333545,-3.1223648474036563
360981.7406556187,4065795.8736098623,-3.124281212455281
360981.41916908755,4065795.8788350406,3.125340904973043
360981.097502243,4065795.8729662397,-3.1233497107885304
360980.78476557834,4065795.866952306,-3.122364999439009
360980.47202891274,4065795.8609383814,-3.1223650277765773
360980.15929224744,4065795.8549244716,-3.122365075388706
360979.8465555799,4065795.8489105715,-3.1223651067818623
360979.54274909367,4065795.842751536,-3.1213225401845905
360979.2389426065,4065795.8365925127,-3.1213225800820017
360978.93495580106,4065795.819339506,-3.0848977017353616
360978.4789755916,4065795.793460018,-3.084897750759564
360978.14837855566,4065795.7877364727,-3.124281628485835
360977.7997408364,4065795.771209247,-3.094222959439347
360977.4243125717,4065795.7551174765,-3.098756436086507
360977.03120425856,4065795.750410013,-3.1296182475639642
360976.62898544513,4065795.7347537247,-3.1026874911561864
360976.24462699174,4065795.7188071553,-3.1001276384008354
360975.85151867376,4065795.7140997453,-3.1296183839162444
360975.4671602165,4065795.6981532113,-3.1001277307390387
360975.07387157576,4065795.682351846,-3.1014367230292845
360974.68969343556,4065795.6774993395,-3.1289624495402832
360974.3053349721,4065795.661552857,-3.100127865652498
360973.93008701166,4065795.6565552326,-3.1282752485005414
360973.5282288264,4065795.6630870746,3.125339987460826
360973.144231005,4065795.669328631,3.1253399398277777
360972.7691633647,4065795.6754250512,3.1253398957246836
360972.3853458674,4065795.692760634,3.0964571166875983
360972.01027822844,4065795.6988570876,3.12533980630197
360971.64432109613,4065795.7159023946,3.0950489598408857
360971.287294146,4065795.732802566,3.094292118358785
360970.9213370152,4065795.7498479043,3.0950488745792466
360970.5643100665,4065795.766748105,3.0942920361883672
360970.1985332647,4065795.7948874673,3.0648134648319094
360969.823645954,4065795.812078009,3.0957695290499543
360969.4576888267,4065795.8291234123,3.09504869637867
360969.09191202896,4065795.8572628233,3.0648133310935814
360968.72595490364,4065795.8743082555,3.0950486174063565
360968.38642766455,4065795.8687302475,-3.1251653817485074
360968.0472610849,4065795.8853402347,3.0926588008365705
360967.7168443578,4065795.8907110877,3.1253392995311646
360967.3864276293,4065795.896081952,3.1253392657852426
360967.0649410832,4065795.9013076704,3.1253392259531845
360966.74345453695,4065795.906533401,3.1253391883119277
360966.43982835446,4065795.9114688244,3.12533915159451
360966.13620217185,4065795.9164042585,3.1253391163357307
360965.7077337762,4065795.9344659424,3.0994635322212227
360965.269974531,4065795.9304848216,-3.132498588349874
360964.8325759545,4065795.9486917104,3.0999912740399935
360964.5201999238,4065795.9648663565,3.0898594461898994
360964.2078238949,4065795.981041013,3.0898594131741013
360963.8863373485,4065795.9862668514,3.125338852366165
360963.5559206194,4065795.991637864,3.125338816361109
360963.2167540452,4065796.008248047,3.092658224785969
360962.86865729047,4065796.0250034044,3.0934955801524815
360962.52931038034,4065796.03051962,3.125338697117353
360962.18121362664,4065796.047275007,3.0934954959254295
360961.84204705484,4065796.063885243,3.0926580669298636
360961.50288048375,4065796.0804954926,3.0926580284784184
360961.1637139135,4065796.0971057573,3.0926579831534564
360960.8245473439,4065796.113716033,3.092657951567143
360960.4764505937,4065796.13047149,3.093495293912525
360960.13728402543,4065796.147081793,3.092657870555235
360959.7893676176,4065796.1749312715,3.0617164982975957
360959.45074207545,4065796.224823581,2.9953074307340386
360959.13015724206,4065796.285519565,2.954478473776304
360958.82761311834,4065796.3570192163,2.9095225552154758
360958.5252493406,4065796.4396128734,2.8749379793620897
360958.0989450878,4065796.590802855,2.8007788612621125
360957.8149827191,4065796.7063881806,2.755028205623004
360957.53120070155,4065796.833067508,2.721739356404636
360957.22116918105,4065796.9934643316,2.6641564498731243
360956.9113180166,4065797.1649551606,2.6360954034583
360956.60182755586,4065797.358633988,2.5824189673054327
360956.2928781444,4065797.5855948064,2.5080067822791547
360956.143048881,4065797.845692444,2.0934194068876417
360955.8435707134,4065797.9701942727,2.7476005606261897
360955.56213327043,4065798.2410955783,2.3752676762535723
360955.2989168969,4065798.533894537,2.303039986432441
360955.1942796024,4065798.848155634,1.8922134780094013
360954.89804775274,4065799.1507420554,2.345583035066811
360954.73360443837,4065799.475226125,2.039856345332933
360954.6736180579,4065799.7991295094,1.7539198966652094
360954.5027694573,4065800.111503385,2.0712842988076803
360954.4272672567,4065800.4123477526,1.8166855012194096
360954.3539292413,4065800.8463200396,1.7382070164180807
360954.29827123985,4065801.2689079903,1.7017500831618448
360954.28528029326,4065801.568736153,1.6140972170495664
360954.278694647,4065801.879658309,1.591974173213631
360954.26876962674,4065802.2015292854,1.6016219592665255
360954.2536145027,4065802.545733422,1.6147973731678136
360954.25352140534,4065802.911980372,1.5710505197352
360954.2510837775,4065803.311509302,1.5768975059256627
360954.24882650096,4065803.722132226,1.576293471960129
360954.25567974756,4065804.143703969,1.554541340314612
360954.2444922995,4065804.554472066,1.5980250312640543
360954.24223502725,4065804.965094991,1.5762934614581428
360954.25765775144,4065805.3643335765,1.5321851809436315
360954.26415030396,4065805.7637173356,1.5545413326132884
360954.27957302926,4065806.1629559235,1.5321851784025737
360954.2948154043,4065806.551100516,1.5315466570558756
360954.32791812066,4065806.938954765,1.4856543209384556
360954.34316049557,4065807.327099358,1.5315466574023815
360954.3671526896,4065807.704004786,1.5072263568567392
360954.37896843883,4065808.069816221,1.5385074436380808
360954.40548551374,4065808.4135848414,1.4938123675890147
360954.41107632243,4065808.7574986364,1.5545413339525045
360954.42541695083,4065809.0901732645,1.5277159280966763
360954.43046671385,4065809.400805078,1.554541332843936
360954.44444664585,4065809.7112917197,1.5258008445670759
360954.4605907606,4065810.1549062817,1.534420168956572
360954.4674440112,4065810.5764780305,1.5545413310055165
360954.47195272904,4065810.997904606,1.5600980317531936
360954.4873754489,4065811.3751003803,1.5299312511437022
360954.49332695705,4065811.752296158,1.555019336009262
360954.5100121192,4065812.0960647804,1.5222983617218444
360954.52453309495,4065812.4398334026,1.5285808724547079
360954.53887372283,4065812.772508032,1.5277159298491558
360954.5528536517,4065813.082994676,1.5258008550070616
360954.5679156727,4065813.46004528,1.5308706065796551
360954.58225629973,4065813.7927199085,1.5277159323483644
360954.58748641366,4065814.1144457203,1.5545413261710255
